1524392471531909888,-0.02785,0.00245,0.02205,0.68134,-0.73150,0.02575,-0.00545,-0.03576,-0.01072,0.00750,
1524392471630934528,-0.04793,0.00677,0.03749,0.68050,-0.73152,0.04220,-0.00443,-0.02099,-0.01320,0.00395,
1524392471730759424,-0.07359,0.02281,0.06890,0.64602,-0.76160,0.05086,-0.00624,0.03282,0.01688,0.05471,
1524392471830814208,-0.07459,0.01951,0.07211,0.65023,-0.75787,0.05305,-0.00397,0.14645,-0.01624,-0.02639,
1524392471931225088,-0.06832,0.00913,0.06622,0.65995,-0.74913,0.05717,0.00149,0.16570,-0.04625,-0.10080,
1524392472031529216,-0.05293,0.00636,0.05658,0.67353,-0.73719,0.05373,-0.00523,0.18573,-0.01126,-0.09004,
1524392472130648576,-0.03321,0.00409,0.04779,0.66692,-0.74322,0.05224,-0.01091,0.17700,-0.00730,-0.06253,
1524392472230814464,-0.01667,0.00275,0.04162,0.66626,-0.74431,0.04540,-0.00612,0.12335,-0.01074,-0.03604,
1524392472330896128,-0.00558,0.00223,0.04029,0.67386,-0.73701,0.05185,0.00672,0.05394,0.01006,0.02012,
1524392472430571008,-0.00284,0.00305,0.04297,0.66977,-0.74044,0.05337,0.01723,-0.01833,0.02716,0.03372,
1524392472531992320,-0.00745,0.00794,0.04521,0.67151,-0.73831,0.05780,0.02491,-0.09957,0.08295,0.01525,
1524392472630656512,-0.02207,0.01825,0.04750,0.67897,-0.73197,0.05042,0.02607,-0.23644,0.11612,0.04104,
1524392472730381056,-0.04966,0.02825,0.05428,0.66529,-0.74480,0.04605,0.02324,-0.31857,0.03853,0.11139,
1524392472830533632,-0.07901,0.03026,0.06888,0.66335,-0.74541,0.06554,0.00571,-0.28024,-0.05508,0.15907,
1524392472930546176,-0.10285,0.02478,0.08337,0.66284,-0.74476,0.07576,-0.01526,-0.17376,-0.13474,0.11140,
1524392473031804160,-0.12021,0.01217,0.09380,0.66368,-0.74124,0.09393,-0.03561,-0.05543,-0.18092,0.04180,
1524392473130294016,-0.12027,-0.00685,0.09400,0.66745,-0.73663,0.09746,-0.04879,0.10144,-0.19990,-0.05760,
1524392473230585856,-0.10660,-0.02479,0.08713,0.67874,-0.72810,0.08097,-0.05124,0.19832,-0.11460,-0.06403,
1524392473330607872,-0.08818,-0.03805,0.08158,0.68026,-0.72851,0.06306,-0.05037,0.26041,-0.06045,-0.05860,
1524392473430572544,-0.05939,-0.04218,0.07385,0.68284,-0.72753,0.05365,-0.03946,0.28282,0.01581,-0.09402,
1524392473531699200,-0.03296,-0.03957,0.06153,0.68667,-0.72518,0.04078,-0.03064,0.23268,0.07762,-0.14375,
1524392473630395136,-0.01368,-0.03024,0.04752,0.69118,-0.72165,0.03596,-0.01390,0.13040,0.12520,-0.14399,
1524392473730777344,-0.00618,-0.01926,0.03516,0.67902,-0.73301,0.04020,0.00249,-0.01142,0.09171,-0.11645,
1524392473830457856,-0.00949,-0.00987,0.02811,0.68102,-0.73168,0.02899,0.00415,-0.08051,0.07582,-0.03592,
1524392473930504448,-0.01802,-0.00274,0.02544,0.68195,-0.73102,0.02331,-0.00379,-0.11158,0.02211,-0.00286,
1524392474030761728,-0.02465,-0.00110,0.02442,0.68325,-0.72978,0.02120,-0.01204,-0.01654,-0.00996,0.01684,
1524392474130343424,-0.02231,-0.00375,0.02525,0.67274,-0.73936,0.02663,-0.00780,0.09305,-0.03871,-0.02217,
1524392474230393088,-0.01156,-0.00612,0.02099,0.67252,-0.73959,0.02661,0.00270,0.10608,-0.01459,-0.07622,
1524392474330858752,-0.00049,-0.00616,0.01174,0.68647,-0.72700,0.01475,-0.00165,0.09732,0.01771,-0.08987,
1524392474430246912,0.00569,-0.00409,0.00417,0.70055,-0.71360,0.00112,-0.00102,0.01519,0.02443,-0.05148,
1524392474534034176,0.00531,-0.00340,-0.00006,0.69580,-0.71819,0.00581,-0.00578,-0.01785,-0.00724,-0.02642,
1524392474630227456,0.00491,-0.00326,0.00042,0.68789,-0.72577,0.00514,-0.00659,-0.00662,-0.01579,0.00415,
1524392474730132480,0.00529,-0.00272,0.00009,0.68087,-0.73233,0.00771,-0.00723,0.01232,0.00109,-0.00243,
1524392474830133248,0.00590,-0.00232,-0.00007,0.67801,-0.73497,0.00786,-0.00789,-0.01010,-0.00268,0.00303,
1524392474929883136,0.00580,-0.00222,0.00024,0.67493,-0.73776,0.01174,-0.00545,-0.01082,-0.00216,0.01481,
1524392475030418432,0.00521,-0.00229,0.00026,0.67523,-0.73742,0.01667,-0.00236,0.00513,0.00273,-0.01303,
1524392475130057728,0.00505,-0.00260,-0.00005,0.67675,-0.73599,0.01806,0.00237,-0.00807,-0.00820,0.00355,
1524392475230014720,0.00434,-0.00285,-0.00015,0.67801,-0.73483,0.01816,0.00269,-0.00552,-0.00196,0.00606,
1524392475330050304,0.00295,-0.00338,0.00172,0.67608,-0.73643,0.02323,0.00728,-0.01645,-0.01004,0.02881,
1524392475430029568,-0.00030,-0.00392,0.00723,0.67445,-0.73796,0.02179,0.00763,-0.08358,-0.02163,0.08318,
1524392475530239488,-0.00839,-0.00628,0.01664,0.67536,-0.73728,0.01421,-0.01009,-0.06532,-0.04256,0.08667,
1524392475629748224,-0.01132,-0.00894,0.02426,0.69136,-0.72239,0.00341,-0.01261,0.02074,-0.01138,0.07453,
1524392475729699328,-0.00800,-0.00946,0.02975,0.69143,-0.72241,0.00134,-0.00701,0.06203,0.00796,0.01149,
1524392475829745408,-0.00266,-0.00931,0.02915,0.69159,-0.72222,-0.01006,0.00345,0.06626,-0.00791,-0.04016,
1524392475929846528,0.00179,-0.00926,0.02639,0.70474,-0.70879,-0.01977,0.02399,0.01661,-0.00160,0.01657,
1524392476030389504,0.00276,-0.00946,0.02956,0.68651,-0.72671,-0.01251,0.02112,0.01441,-0.03229,0.04968,
1524392476130408448,0.00334,-0.01446,0.03824,0.66236,-0.74906,-0.01083,0.00832,-0.00048,-0.07581,0.10562,
1524392476229834752,0.00150,-0.02244,0.04729,0.67294,-0.73969,-0.00172,-0.00135,-0.03866,-0.07351,0.05589,
1524392476329787136,-0.00030,-0.02576,0.05029,0.69539,-0.71849,-0.00152,-0.01436,0.01163,0.01851,-0.01187,
1524392476429825792,0.00146,-0.02367,0.04842,0.71489,-0.69911,-0.00782,-0.01057,0.03754,0.04054,-0.01830,
1524392476531496192,0.00437,-0.02096,0.04774,0.71715,-0.69690,-0.00410,0.00105,0.03838,0.03984,-0.01091,
1524392476629778432,0.00749,-0.01698,0.04783,0.72042,-0.69331,-0.01376,0.01096,0.01869,0.02943,-0.00931,
1524392476729823488,0.00566,-0.01284,0.05020,0.75685,-0.65322,-0.02191,-0.00186,-0.06920,0.05209,0.04592,
1524392476830221568,-0.00215,-0.00848,0.05337,0.80153,-0.59599,-0.04682,-0.01202,-0.06342,0.06030,0.02942,
1524392476929620224,-0.00743,-0.00439,0.05778,0.80684,-0.58693,-0.06507,-0.01696,-0.04667,0.00810,0.02027,
1524392477030882304,-0.01285,-0.00532,0.05950,0.82718,-0.55451,-0.08992,-0.01442,-0.03132,-0.03455,-0.02349,
1524392477129615104,-0.01656,-0.00204,0.05972,0.82016,-0.56201,-0.10711,0.00109,-0.03064,-0.00225,-0.01794,
1524392477229344768,-0.02097,-0.00185,0.05916,0.83084,-0.54341,-0.11977,0.00799,-0.04311,-0.02674,-0.00647,
1524392477329326848,-0.02380,0.00025,0.06096,0.83809,-0.52669,-0.14182,0.00986,-0.01667,0.00713,-0.00289,
1524392477429560832,-0.02573,0.00155,0.06169,0.84531,-0.50905,-0.16145,0.01596,-0.00670,0.00293,-0.01371,
1524392477530070528,-0.02733,0.00199,0.06158,0.84930,-0.50047,-0.16615,0.02467,-0.02093,0.01153,0.00082,
1524392477629895936,-0.02681,0.00230,0.06118,0.85068,-0.49926,-0.16215,0.02817,0.02964,0.02280,-0.01034,
1524392477730879488,-0.02367,0.00540,0.05954,0.84667,-0.50943,-0.15075,0.02997,-0.02562,-0.00330,-0.01483,
1524392477829290752,-0.02632,0.00548,0.05969,0.85229,-0.49246,-0.17359,0.03088,0.00646,0.00110,-0.01125,
1524392477929469952,-0.02333,0.00834,0.06088,0.84188,-0.50065,-0.19565,0.04807,0.00176,0.02498,0.00853,
1524392478029770496,-0.02281,0.00865,0.06082,0.84932,-0.49053,-0.19039,0.04230,-0.01677,0.02323,-0.00461,
1524392478129196800,-0.02577,0.00780,0.06020,0.85073,-0.48963,-0.19073,0.01205,-0.02940,-0.00175,0.00318,
1524392478229343488,-0.02858,0.00744,0.06033,0.83938,-0.50187,-0.20871,-0.00448,0.00290,-0.01858,-0.01587,
1524392478329383168,-0.02905,0.00767,0.06028,0.83539,-0.50794,-0.20982,-0.00958,0.01558,0.01488,-0.00455,
1524392478429376000,-0.02710,0.00781,0.05888,0.83245,-0.51882,-0.19457,-0.00020,0.03902,0.02811,-0.01721,
1524392478529712128,-0.02372,0.00901,0.05684,0.83195,-0.52450,-0.18014,0.01773,0.00091,-0.02313,-0.02506,
1524392478630686208,-0.02497,0.00878,0.05680,0.83264,-0.52342,-0.18017,0.01653,-0.04511,-0.01988,0.00923,
1524392478729238784,-0.02591,0.00950,0.05815,0.82934,-0.52504,-0.19098,0.00764,-0.00785,0.00890,-0.00342,
1524392478829297152,-0.02794,0.00821,0.05823,0.84129,-0.50367,-0.19629,-0.00491,0.00182,-0.01818,-0.00709,
1524392478929382912,-0.02770,0.00730,0.05778,0.84657,-0.48943,-0.20923,-0.00018,0.01783,0.00352,-0.00174,
1524392479029232896,-0.02680,0.00620,0.05749,0.85589,-0.47496,-0.20460,-0.00199,-0.00456,0.00368,0.00036,
1524392479129169408,-0.02570,0.00624,0.05627,0.85845,-0.46978,-0.20550,0.01180,-0.01519,-0.00737,-0.00353,
1524392479229137408,-0.02690,0.00657,0.05667,0.85398,-0.47526,-0.21152,0.01066,-0.00003,-0.00553,-0.00427,
1524392479329205504,-0.02551,0.00806,0.05659,0.84681,-0.48549,-0.21616,0.02216,-0.00597,-0.00374,-0.00520,
1524392479428981504,-0.02550,0.00928,0.05723,0.84544,-0.48390,-0.22442,0.02641,0.00035,-0.00251,0.00320,
1524392479529422336,-0.02586,0.00976,0.05745,0.84432,-0.48488,-0.22689,0.02338,-0.00354,-0.00258,-0.00071,
1524392479629277440,-0.02620,0.00972,0.05752,0.84308,-0.48877,-0.22342,0.02007,-0.00874,-0.00167,-0.00323,
1524392479728826880,-0.02593,0.01029,0.05750,0.83726,-0.49824,-0.22420,0.02206,0.00169,-0.00797,-0.00988,
1524392479828750592,-0.02568,0.01061,0.05699,0.83279,-0.50949,-0.21543,0.02169,0.00386,0.00848,-0.00357,
1524392479928876288,-0.02572,0.01091,0.05679,0.83079,-0.51387,-0.21263,0.02285,-0.00131,0.00246,-0.00027,
1524392480029410560,-0.02659,0.01099,0.05672,0.83105,-0.51319,-0.21327,0.02247,-0.00919,0.01628,-0.00068,
1524392480128983808,-0.02758,0.01208,0.05682,0.82613,-0.52128,-0.21301,0.01985,-0.00529,0.00642,-0.00110,
1524392480228825344,-0.02921,0.01242,0.05744,0.82178,-0.52869,-0.21225,0.01094,-0.02670,-0.01215,0.00731,
1524392480328789760,-0.03225,0.00996,0.05804,0.83340,-0.50980,-0.21301,-0.01312,-0.02276,-0.01946,-0.00238,
1524392480429103104,-0.03194,0.00851,0.05733,0.83617,-0.50147,-0.22163,-0.01514,-0.01216,-0.00544,-0.00611,
1524392480533759488,-0.03103,0.00760,0.05662,0.83989,-0.49309,-0.22657,-0.01107,0.01608,0.00102,-0.00702,
1524392480628807680,-0.02875,0.00804,0.05536,0.84419,-0.48493,-0.22843,0.00209,0.01273,0.03080,-0.00021,
1524392480728837120,-0.02645,0.01117,0.05514,0.83564,-0.49508,-0.23652,0.02550,-0.00155,0.03287,-0.00059,
1524392480828663296,-0.02883,0.01389,0.05602,0.82589,-0.50196,-0.25383,0.03895,-0.04730,0.01055,0.02494,
1524392480928724736,-0.03214,0.01647,0.05888,0.81139,-0.51017,-0.28026,0.05318,-0.03050,0.00884,0.01998,
1524392481029799680,-0.03484,0.01781,0.05895,0.80329,-0.51968,-0.28577,0.05468,0.02143,0.01003,-0.00207,
1524392481128727552,-0.03466,0.01755,0.05903,0.80505,-0.51928,-0.28115,0.05647,0.01225,-0.01260,-0.00429,
1524392481228516096,-0.03514,0.01727,0.05975,0.80317,-0.52316,-0.28022,0.05186,0.00346,0.00290,0.00500,
1524392481328561152,-0.03624,0.01717,0.06108,0.79277,-0.54231,-0.27463,0.04472,-0.00572,-0.00646,0.00310,
1524392481428539648,-0.03513,0.01691,0.06092,0.79657,-0.54583,-0.25646,0.04220,0.03401,0.01998,0.00137,
1524392481530346752,-0.03308,0.01714,0.05972,0.80832,-0.53938,-0.23056,0.05030,0.02017,-0.00004,-0.01544,
1524392481628686336,-0.03097,0.01710,0.05870,0.81569,-0.53002,-0.22569,0.05286,0.01762,0.00345,-0.01674,
1524392481728658176,-0.03071,0.01462,0.05762,0.82364,-0.51713,-0.22942,0.03960,-0.00292,-0.00382,0.00508,
1524392481828696320,-0.03129,0.01476,0.05892,0.82670,-0.50723,-0.23884,0.04743,0.00644,0.00950,0.00849,
1524392481928411136,-0.02999,0.01443,0.06098,0.83203,-0.48905,-0.25498,0.05946,0.00183,-0.01997,0.03718,
1524392482030003712,-0.03269,0.01290,0.06401,0.83872,-0.48005,-0.25069,0.05701,-0.01006,-0.01160,0.03476,
1524392482128378368,-0.03572,0.00947,0.06750,0.84094,-0.48946,-0.22596,0.04680,-0.02403,-0.00974,0.05445,
1524392482228231424,-0.04110,0.00707,0.07415,0.82753,-0.53090,-0.18094,0.02444,-0.05929,-0.02448,0.02600,
1524392482328225280,-0.04976,0.00301,0.07636,0.82934,-0.54474,-0.12425,-0.00395,-0.06005,-0.02191,-0.00482,
1524392482428345088,-0.05450,0.00154,0.07752,0.83609,-0.53786,-0.10636,-0.01852,-0.01100,-0.01792,-0.01013,
1524392482528499968,-0.05337,0.00077,0.07672,0.83783,-0.53131,-0.12531,-0.00635,0.00734,0.01454,-0.01632,
1524392482628188672,-0.05195,-0.00066,0.07763,0.81223,-0.56341,-0.14950,0.02236,0.01351,-0.08386,0.02280,
1524392482728484352,-0.05438,-0.00607,0.08141,0.78182,-0.60180,-0.15843,0.03857,-0.04825,-0.09350,0.03946,
1524392482828466432,-0.05729,-0.01179,0.08308,0.76758,-0.61922,-0.15537,0.05691,-0.00447,0.03929,0.00646,
1524392482928401664,-0.05640,-0.00773,0.08284,0.78130,-0.60074,-0.16025,0.05484,0.01366,0.05766,-0.02330,
1524392483028686592,-0.05698,-0.00269,0.07724,0.79254,-0.58818,-0.14952,0.05975,-0.00077,0.02150,-0.05325,
1524392483127998720,-0.05769,-0.00419,0.07422,0.78023,-0.60364,-0.14907,0.06809,0.00468,-0.00083,-0.00954,
1524392483228301824,-0.05660,-0.00259,0.07311,0.77267,-0.60825,-0.16276,0.08072,0.03085,0.02917,-0.00731,
1524392483328058880,-0.05391,-0.00131,0.07357,0.76918,-0.61050,-0.16862,0.08499,0.02636,0.02004,0.01459,
1524392483428015616,-0.05379,0.00028,0.07489,0.76598,-0.60797,-0.18918,0.08867,0.00292,0.01577,-0.00194,
1524392483528551936,-0.05421,0.00076,0.07544,0.76354,-0.61085,-0.19034,0.08744,0.00566,0.00999,-0.00021,
1524392483628368896,-0.05411,0.00194,0.07512,0.76006,-0.61437,-0.19285,0.08760,-0.00199,0.02487,-0.01103,
1524392483728347904,-0.05400,0.00409,0.07399,0.76873,-0.60499,-0.18985,0.08363,0.00679,0.01380,0.00395,
1524392483828265984,-0.05190,0.00606,0.07351,0.78338,-0.58170,-0.19603,0.09756,0.03148,0.01755,0.00321,
1524392483927838976,-0.04876,0.00727,0.07469,0.78012,-0.58599,-0.19315,0.10351,0.00774,0.00043,0.02411,
1524392484028404224,-0.04848,0.00617,0.07690,0.76825,-0.60110,-0.19484,0.10248,0.00962,-0.00570,0.01382,
1524392484128173568,-0.04996,0.00620,0.07896,0.75284,-0.61833,-0.20401,0.09631,-0.02746,0.02017,0.02198,
1524392484228316160,-0.05567,0.00548,0.08044,0.75250,-0.62398,-0.19217,0.08644,-0.05284,0.00398,0.02370,
1524392484328098304,-0.06067,0.00580,0.08314,0.74786,-0.63008,-0.19226,0.08205,-0.04828,0.00852,0.02590,
1524392484427805184,-0.06462,0.00705,0.08456,0.74572,-0.63130,-0.19643,0.08234,-0.03417,0.00063,0.00850,
1524392484528745472,-0.06700,0.00689,0.08425,0.75486,-0.62193,-0.19277,0.07895,-0.02229,-0.01549,-0.01409,
1524392484627686656,-0.06772,0.00570,0.08219,0.77559,-0.60039,-0.17995,0.07493,0.01335,0.00261,-0.01996,
1524392484727667200,-0.06590,0.00594,0.08059,0.79275,-0.57807,-0.17878,0.07365,0.01874,0.00831,-0.01292,
1524392484827982080,-0.06450,0.00577,0.07963,0.79888,-0.57166,-0.17161,0.07446,0.01457,0.00067,-0.02188,
1524392484927771648,-0.06352,0.00370,0.07746,0.81006,-0.56031,-0.15945,0.06652,0.02365,-0.03658,-0.01602,
1524392485032074752,-0.06108,0.00059,0.07702,0.80485,-0.56586,-0.16559,0.06781,0.03848,-0.01161,0.00584,
1524392485127548928,-0.05869,-0.00166,0.07880,0.79753,-0.57821,-0.15975,0.06402,0.02974,-0.03617,0.00717,
1524392485227881728,-0.05585,-0.00476,0.08004,0.79266,-0.59454,-0.12541,0.04976,0.02972,-0.00763,0.02256,
1524392485327596800,-0.05219,-0.00496,0.08157,0.78491,-0.61297,-0.08260,0.03698,0.05946,0.00659,-0.01060,
1524392485427891968,-0.04649,-0.00539,0.07857,0.78831,-0.60952,-0.07355,0.04045,0.05067,-0.00792,-0.04334,
1524392485530214912,-0.04346,-0.00720,0.07594,0.79039,-0.60598,-0.08118,0.03855,0.00579,0.00047,-0.02908,
1524392485627812608,-0.04282,-0.00787,0.07484,0.78869,-0.60722,-0.09149,0.02958,0.01711,0.01763,-0.01350,
1524392485727438848,-0.04282,-0.00719,0.07458,0.77845,-0.62050,-0.09002,0.02997,0.00978,0.01380,0.00125,
1524392485827398656,-0.04510,-0.00558,0.07488,0.77398,-0.62793,-0.07334,0.03563,-0.03778,0.03771,0.00907,
1524392485927707136,-0.05068,-0.00225,0.07476,0.76807,-0.63724,-0.05411,0.03268,-0.06932,0.05339,-0.00424,
1524392486028149504,-0.05766,0.00156,0.07486,0.76737,-0.63633,-0.07484,0.02519,-0.06863,0.03441,0.00385,
1524392486127589376,-0.06461,0.00496,0.07530,0.77488,-0.62067,-0.11366,0.03756,-0.07390,0.03873,0.02602,
1524392486227412224,-0.07278,0.00847,0.07839,0.77332,-0.61539,-0.14601,0.04428,-0.06058,0.02340,0.03558,
1524392486328195840,-0.06778,0.01248,0.07626,0.77288,-0.61292,-0.14564,0.07595,0.10832,0.02177,-0.05830,
1524392486427235328,-0.06915,0.01454,0.07594,0.77414,-0.60650,-0.14930,0.10280,-0.05480,-0.00607,0.03234,
1524392486527988224,-0.07387,0.01251,0.07900,0.77070,-0.60614,-0.16233,0.11073,0.00193,-0.04430,0.00251,
1524392486628095232,-0.07401,0.01148,0.07904,0.76877,-0.61130,-0.14187,0.12318,-0.01985,-0.01223,-0.00635,
1524392486728542208,-0.07771,0.00847,0.07833,0.76420,-0.62117,-0.12797,0.11732,-0.05803,-0.00966,0.00776,
1524392486827581952,-0.08013,0.00599,0.07838,0.77326,-0.61565,-0.10277,0.11170,0.02383,-0.01297,-0.01253,
1524392486927200768,-0.07825,0.00501,0.07700,0.77396,-0.61568,-0.08632,0.12029,-0.00079,0.01007,-0.00507,
1524392487027455232,-0.07805,0.00533,0.07704,0.77652,-0.61028,-0.09747,0.12279,-0.00356,-0.00090,-0.00210,
1524392487127477760,-0.07718,0.00287,0.07599,0.78122,-0.59790,-0.12545,0.12835,0.01470,0.00806,0.01672,
1524392487227382784,-0.07675,0.00493,0.07896,0.75904,-0.62194,-0.13992,0.13215,0.00553,0.03675,0.04144,
1524392487327127040,-0.07829,0.00705,0.08210,0.74857,-0.63575,-0.13726,0.12893,-0.01681,0.00473,0.01689,
1524392487427174656,-0.08013,0.00712,0.08344,0.74852,-0.63256,-0.14405,0.13725,-0.01945,-0.00620,0.00186,
1524392487528343296,-0.08183,0.00661,0.08416,0.75059,-0.62884,-0.14511,0.14184,-0.00817,-0.00409,-0.00194,
1524392487627306496,-0.08148,0.00634,0.08309,0.75916,-0.62113,-0.13326,0.14184,0.00600,0.00693,-0.01761,
1524392487726981632,-0.08076,0.00542,0.08077,0.77781,-0.59686,-0.13446,0.14386,0.01225,-0.01805,-0.02111,
1524392487827507456,-0.07732,0.00404,0.07874,0.79431,-0.57531,-0.13582,0.14013,0.03425,-0.01268,-0.03389,
1524392487927223808,-0.07644,0.00211,0.07552,0.80482,-0.56055,-0.13803,0.13780,0.02941,-0.00109,-0.04301,
1524392488027634944,-0.07635,-0.00041,0.07350,0.81477,-0.54621,-0.13768,0.13728,-0.00518,-0.01097,0.00973,
1524392488127304960,-0.07737,-0.00301,0.07276,0.81938,-0.53992,-0.13090,0.14129,0.00951,-0.01266,-0.01303,
1524392488227229952,-0.07677,-0.00457,0.07180,0.82108,-0.53866,-0.12499,0.14162,0.00652,-0.00653,-0.00316,
1524392488327435264,-0.07617,-0.00544,0.07190,0.81860,-0.54291,-0.12217,0.14218,0.00397,-0.00708,0.01363,
1524392488426829568,-0.07534,-0.00609,0.07291,0.81923,-0.54232,-0.12177,0.14115,0.00474,-0.00606,0.01199,
1524392488527508480,-0.07468,-0.00705,0.07371,0.82085,-0.53951,-0.12246,0.14192,0.01754,-0.01101,0.00447,
1524392488626810624,-0.07306,-0.00846,0.07460,0.81933,-0.54213,-0.11668,0.14554,0.00690,-0.02110,-0.00417,
1524392488727254272,-0.07315,-0.01058,0.07354,0.82317,-0.53797,-0.11133,0.14346,0.00592,-0.00294,-0.00012,
1524392488826847744,-0.07333,-0.01088,0.07399,0.82215,-0.54069,-0.10685,0.14249,0.00394,-0.00167,0.01263,
1524392488926772480,-0.07294,-0.01116,0.07542,0.81986,-0.54444,-0.10486,0.14285,-0.00040,-0.00972,0.01069,
1524392489027847936,-0.07309,-0.01333,0.07630,0.81820,-0.54654,-0.10967,0.14077,0.01429,-0.02118,0.00550,
1524392489127099392,-0.06988,-0.01447,0.07663,0.81149,-0.55781,-0.10286,0.14056,0.04680,0.01411,0.01484,
1524392489226916864,-0.06576,-0.01370,0.07800,0.79993,-0.57951,-0.08469,0.13077,0.04307,0.02394,0.02339,
1524392489326877952,-0.06324,-0.01134,0.08060,0.78518,-0.60710,-0.05621,0.10850,0.00816,0.02451,0.02359,
1524392489426622208,-0.06429,-0.00880,0.08258,0.77212,-0.62780,-0.04435,0.08788,-0.05700,0.03650,0.02700,
1524392489527213056,-0.06944,-0.00335,0.08480,0.75487,-0.65242,-0.03600,0.05675,-0.06330,0.04664,0.00202,
1524392489626561280,-0.07529,-0.00043,0.08639,0.73950,-0.67169,-0.03024,0.03243,-0.05624,0.01767,-0.00152,
1524392489726484992,-0.08022,0.00062,0.08709,0.73213,-0.68063,-0.02403,0.01226,-0.02176,-0.01394,-0.01446,
1524392489828324096,-0.07937,-0.00505,0.08704,0.72851,-0.68478,-0.01586,0.01011,0.02363,-0.05658,0.01414,
1524392489926435584,-0.08085,-0.00897,0.08583,0.72363,-0.68999,-0.01002,0.01324,-0.00811,-0.03734,-0.03257,
1524392490028149760,-0.08138,-0.01309,0.08454,0.71861,-0.69523,-0.01063,0.01175,-0.01581,-0.02817,-0.02072,
1524392490126430976,-0.08325,-0.01727,0.08204,0.70972,-0.70445,0.00418,0.00464,-0.01882,-0.05052,-0.05446,
1524392490226602496,-0.08747,-0.02282,0.07562,0.71499,-0.69912,-0.00124,-0.00438,-0.04758,-0.06305,-0.07850,
1524392490326598912,-0.09181,-0.02928,0.06922,0.72582,-0.68775,-0.00641,-0.01213,-0.01625,-0.02477,0.00943,
1524392490426439168,-0.09307,-0.02890,0.07106,0.72466,-0.68835,-0.01941,-0.02592,0.03259,-0.00828,-0.01730,
1524392490526839296,-0.09131,-0.03320,0.06921,0.72970,-0.68309,-0.02148,-0.02141,0.01478,0.02001,0.00207,
1524392490626383872,-0.09135,-0.03297,0.06784,0.72996,-0.68307,-0.01678,-0.01702,-0.03106,0.03101,-0.02410,
1524392490726262016,-0.09429,-0.03172,0.06782,0.72793,-0.68499,-0.01761,-0.02430,-0.01100,0.00443,-0.00241,
1524392490826219776,-0.09472,-0.03123,0.06806,0.72618,-0.68669,-0.01981,-0.02695,0.00418,0.03729,0.01830,
1524392490926549760,-0.09320,-0.02950,0.06921,0.72028,-0.69329,-0.01177,-0.02040,0.00808,0.02001,0.01041,
1524392491026613504,-0.09240,-0.02910,0.06920,0.71833,-0.69545,-0.00888,-0.01650,0.00069,0.01396,0.00574,
1524392491126233600,-0.09175,-0.02889,0.06955,0.71731,-0.69661,-0.00577,-0.01322,0.00476,0.01307,0.00513,
1524392491226151424,-0.09106,-0.02861,0.06965,0.71649,-0.69753,-0.00378,-0.00917,0.01287,-0.00190,-0.00293,
1524392491326178816,-0.09048,-0.02865,0.06959,0.71712,-0.69691,-0.00453,-0.00536,0.00528,0.00725,0.00154,
1524392491426302720,-0.09033,-0.02861,0.06945,0.71637,-0.69769,-0.00479,-0.00353,0.00443,0.00151,-0.00350,
1524392491528195840,-0.09022,-0.02885,0.06928,0.71830,-0.69571,-0.00517,-0.00315,0.00301,0.00317,-0.00008,
1524392491626045184,-0.09032,-0.02910,0.06914,0.71898,-0.69500,-0.00432,-0.00364,-0.00103,0.00787,0.00177,
1524392491726244352,-0.09039,-0.02900,0.06920,0.71846,-0.69555,-0.00289,-0.00407,-0.00001,0.00455,-0.00055,
1524392491826840832,-0.09049,-0.02904,0.06911,0.71886,-0.69514,-0.00309,-0.00408,-0.00014,0.00617,0.00131,
1524392491926115840,-0.09044,-0.02876,0.06929,0.71757,-0.69647,-0.00221,-0.00420,0.00157,0.01159,0.00467,
1524392492026781184,-0.09026,-0.02842,0.06944,0.71585,-0.69825,-0.00069,-0.00339,-0.00198,0.01140,0.00221,
1524392492126048512,-0.09036,-0.02823,0.06951,0.71519,-0.69892,0.00024,-0.00385,0.00071,0.01221,0.00459,
1524392492226560256,-0.09019,-0.02793,0.06973,0.71367,-0.70046,0.00209,-0.00398,0.00177,0.00944,0.00287,
1524392492325943040,-0.09039,-0.02754,0.06977,0.71170,-0.70246,0.00389,-0.00379,0.00012,0.00233,-0.00137,
1524392492426338304,-0.09046,-0.02744,0.06980,0.71124,-0.70292,0.00433,-0.00404,0.00057,0.00803,0.00323,
1524392492526568704,-0.09073,-0.02729,0.06980,0.70993,-0.70424,0.00510,-0.00389,0.00240,0.01152,0.00346,
1524392492626086912,-0.09032,-0.02691,0.06985,0.70804,-0.70613,0.00720,-0.00263,0.00327,0.00934,0.00273,
1524392492726043392,-0.09013,-0.02659,0.06993,0.70653,-0.70762,0.00885,-0.00194,0.00134,0.00824,0.00150,
1524392492825986560,-0.08972,-0.02634,0.07010,0.70546,-0.70867,0.01065,-0.00100,0.00406,0.00720,0.00092,
1524392492925923072,-0.08932,-0.02653,0.07006,0.70738,-0.70676,0.00970,0.00226,0.00310,0.00264,0.00409,
1524392493027568640,-0.08852,-0.02684,0.06996,0.70870,-0.70544,0.00859,0.00538,0.00709,0.01047,0.00395,
1524392493126321920,-0.08838,-0.02693,0.06987,0.70959,-0.70452,0.00906,0.00686,-0.00062,0.00094,-0.00089,
1524392493226143488,-0.08823,-0.02742,0.06972,0.71126,-0.70285,0.00704,0.00765,-0.00100,0.00427,0.00049,
1524392493326050816,-0.08780,-0.02745,0.06991,0.71241,-0.70170,0.00529,0.00797,0.00338,0.00610,0.00382,
1524392493426713088,-0.08727,-0.02737,0.06975,0.71236,-0.70175,0.00459,0.00826,0.00518,0.00706,0.00389,
1524392493526031360,-0.08713,-0.02725,0.06991,0.71120,-0.70292,0.00545,0.00814,0.00378,0.00375,0.00133,
1524392493625610752,-0.08697,-0.02715,0.06996,0.71058,-0.70354,0.00577,0.00842,0.00243,0.00997,0.00338,
1524392493725544704,-0.08644,-0.02668,0.07033,0.70859,-0.70552,0.00662,0.00970,0.00498,0.01018,0.00516,
1524392493825720320,-0.08570,-0.02631,0.07054,0.70709,-0.70696,0.00828,0.01243,0.00815,0.01097,0.00396,
1524392493925580800,-0.08502,-0.02607,0.07075,0.70603,-0.70796,0.01032,0.01457,-0.00121,0.00904,0.00390,
1524392494025837056,-0.08547,-0.02576,0.07059,0.70462,-0.70936,0.01116,0.01422,-0.00337,0.00728,0.00046,
1524392494125574144,-0.08557,-0.02555,0.07044,0.70337,-0.71056,0.01282,0.01440,0.00066,0.01032,0.00336,
1524392494225456896,-0.08561,-0.02540,0.07022,0.70237,-0.71149,0.01490,0.01526,-0.00461,0.00904,0.00021,
1524392494325452800,-0.08552,-0.02528,0.07023,0.70183,-0.71203,0.01534,0.01457,0.00296,0.01201,0.00682,
1524392494425387008,-0.08415,-0.02513,0.07023,0.70183,-0.71196,0.01725,0.01585,0.03966,-0.00533,-0.00836,
1524392494526576384,-0.07890,-0.02517,0.06856,0.70889,-0.70510,0.01297,0.01210,0.08881,0.02756,-0.02574,
1524392494626062080,-0.06587,-0.02279,0.06648,0.71158,-0.70247,0.00705,0.01180,0.18169,0.04482,-0.01593,
1524392494725391360,-0.04819,-0.01908,0.06420,0.71077,-0.70279,0.01594,0.02519,0.17445,0.04910,-0.04293,
1524392494825317888,-0.03408,-0.01478,0.05948,0.71650,-0.69692,0.01675,0.02542,0.10687,0.04607,-0.05502,
1524392494926166016,-0.02257,-0.01212,0.05497,0.72286,-0.69046,0.01417,0.02311,0.08912,0.02001,-0.01787,
1524392495027631872,-0.01601,-0.01091,0.05405,0.72402,-0.68950,0.01953,0.00295,0.05088,0.01815,-0.00309,
1524392495127332096,-0.01499,-0.00985,0.05348,0.71647,-0.69463,0.03719,-0.05265,0.00262,-0.00152,-0.00049,
1524392495227087360,-0.01667,-0.00959,0.05279,0.71724,-0.69032,0.04159,-0.08543,-0.03686,0.01551,-0.01015,
1524392495326353408,-0.01477,-0.00723,0.05168,0.71623,-0.69245,0.03816,-0.07795,0.04611,0.02994,0.00724,
1524392495425932288,-0.01568,-0.00733,0.05287,0.71105,-0.69853,0.04750,-0.06493,0.00082,-0.00466,-0.00412,
1524392495526268928,-0.01679,-0.00734,0.05284,0.71175,-0.69825,0.03996,-0.06525,-0.00303,0.00270,-0.00103,
1524392495626956800,-0.01672,-0.00699,0.05292,0.70868,-0.70189,0.03546,-0.06217,0.00786,0.01033,0.00184,
1524392495726893312,-0.01597,-0.00643,0.05298,0.70520,-0.70590,0.03744,-0.05482,-0.00609,0.00423,-0.00258,
1524392495825405696,-0.01656,-0.00679,0.05274,0.70750,-0.70349,0.03399,-0.05823,-0.00074,-0.00251,-0.00047,
1524392495925637632,-0.01714,-0.00707,0.05262,0.70882,-0.70200,0.03187,-0.06128,-0.00169,0.00880,0.00069,
1524392496025824000,-0.01746,-0.00674,0.05251,0.70440,-0.70606,0.03309,-0.06483,0.00771,-0.00785,-0.00581,
1524392496125844224,-0.01724,-0.00714,0.05258,0.70436,-0.70617,0.03178,-0.06475,-0.00390,0.01003,0.00022,
1524392496225663744,-0.01751,-0.00711,0.05258,0.70490,-0.70560,0.02995,-0.06598,-0.00533,0.01348,0.00139,
1524392496325203200,-0.01768,-0.00684,0.05248,0.70395,-0.70640,0.03080,-0.06705,0.00449,-0.00070,-0.00073,
1524392496425918976,-0.01772,-0.00697,0.05254,0.70384,-0.70650,0.02983,-0.06771,0.00181,0.00473,0.00092,
1524392496525424384,-0.01767,-0.00704,0.05255,0.70436,-0.70609,0.02877,-0.06693,0.00388,0.00552,0.00023,
1524392496625137920,-0.01740,-0.00699,0.05257,0.70385,-0.70689,0.02771,-0.06429,0.00225,0.00514,0.00019,
1524392496725165056,-0.01722,-0.00698,0.05264,0.70381,-0.70710,0.02649,-0.06284,0.00159,0.00266,-0.00026,
1524392496825035008,-0.01728,-0.00708,0.05267,0.70459,-0.70637,0.02526,-0.06294,0.00074,0.00312,-0.00009,
1524392496925116928,-0.01720,-0.00706,0.05273,0.70544,-0.70558,0.02404,-0.06270,0.00105,0.00450,0.00099,
1524392497025701120,-0.01719,-0.00715,0.05262,0.70555,-0.70553,0.02332,-0.06227,0.00005,0.00307,0.00025,
1524392497125237248,-0.01733,-0.00716,0.05259,0.70544,-0.70562,0.02258,-0.06281,0.00252,0.00226,0.00119,
1524392497224961280,-0.01719,-0.00704,0.05262,0.70461,-0.70649,0.02297,-0.06220,0.00211,0.00234,0.00017,
1524392497324850176,-0.01720,-0.00703,0.05258,0.70439,-0.70673,0.02269,-0.06201,0.00149,0.00220,-0.00056,
1524392497424971520,-0.01725,-0.00700,0.05261,0.70455,-0.70661,0.02236,-0.06170,-0.00022,0.00561,0.00015,
1524392497525316608,-0.01731,-0.00697,0.05258,0.70443,-0.70680,0.02182,-0.06119,0.00237,0.00476,0.00084,
1524392497625154560,-0.01723,-0.00692,0.05260,0.70400,-0.70724,0.02219,-0.06086,0.00027,0.00568,0.00046,
1524392497726772224,-0.01755,-0.00697,0.05278,0.70439,-0.70679,0.02179,-0.06170,-0.00009,0.00587,0.00278,
1524392497824962816,-0.01789,-0.00698,0.05277,0.70467,-0.70653,0.02117,-0.06168,-0.00592,0.00445,-0.00032,
1524392497925309696,-0.01897,-0.00695,0.05257,0.70679,-0.70417,0.02068,-0.06449,-0.00928,-0.00359,-0.00170,
1524392498025763328,-0.01993,-0.00700,0.05261,0.70926,-0.70167,0.01989,-0.06497,-0.01700,0.01201,0.00418,
1524392498124776704,-0.02222,-0.00696,0.05245,0.70896,-0.70204,0.02009,-0.06403,-0.02847,0.00522,-0.00144,
1524392498224611328,-0.02529,-0.00662,0.05250,0.70911,-0.70215,0.01972,-0.06130,-0.03635,0.00896,0.00160,
1524392498324641024,-0.02974,-0.00584,0.05252,0.70760,-0.70403,0.01827,-0.05751,-0.05002,0.01334,0.00017,
1524392498424908544,-0.03639,-0.00544,0.05262,0.70626,-0.70566,0.01855,-0.05381,-0.08482,0.01245,0.00051,
1524392498525510400,-0.04453,-0.00510,0.05257,0.70661,-0.70519,0.01964,-0.05498,-0.08441,0.01231,0.00002,
1524392498624780032,-0.05433,-0.00430,0.05245,0.70785,-0.70397,0.01767,-0.05539,-0.09999,0.00610,-0.00353,
1524392498724664576,-0.06445,-0.00367,0.05225,0.70940,-0.70229,0.01573,-0.05741,-0.08977,0.01169,0.00071,
1524392498824928512,-0.07423,-0.00276,0.05236,0.70931,-0.70247,0.01747,-0.05580,-0.10675,0.02262,0.00469,
1524392498924514560,-0.08577,-0.00228,0.05218,0.70749,-0.70412,0.02041,-0.05710,-0.14785,0.01987,-0.00087,
1524392499026758144,-0.09999,-0.00109,0.05197,0.70610,-0.70484,0.02768,-0.06212,-0.13920,0.01942,0.00253,
1524392499124434944,-0.11376,0.00042,0.05223,0.70294,-0.70805,0.03627,-0.05687,-0.14694,0.01829,-0.00235,
1524392499224552448,-0.12721,0.00134,0.05188,0.70284,-0.70788,0.03624,-0.06007,-0.11662,0.01641,-0.00149,
1524392499325146112,-0.13897,0.00287,0.05189,0.70081,-0.70956,0.03256,-0.06587,-0.08145,0.01053,0.00207,
1524392499424984576,-0.14986,0.00313,0.05128,0.70742,-0.70231,0.02531,-0.07539,-0.07883,0.01774,0.00019,
1524392499525258496,-0.16032,0.00523,0.05159,0.70677,-0.70244,0.03106,-0.07808,-0.08828,0.02959,0.01112,
1524392499626877440,-0.16724,0.00584,0.05119,0.70417,-0.70407,0.03871,-0.08324,-0.03263,0.01122,-0.00263,
1524392499725714176,-0.17226,0.00624,0.05120,0.70357,-0.70467,0.04186,-0.08168,-0.02836,0.01423,0.00459,
1524392499826009088,-0.17770,0.00719,0.05176,0.70124,-0.70674,0.04562,-0.08189,-0.05325,0.01076,-0.00656,
1524392499924845568,-0.18003,0.00777,0.05154,0.70066,-0.70677,0.04335,-0.08763,0.01956,0.00486,0.00429,
1524392500024915200,-0.17799,0.00745,0.05213,0.70114,-0.70657,0.03923,-0.08733,0.05051,0.01007,0.02485,
1524392500125465856,-0.17200,0.00733,0.05441,0.69865,-0.70898,0.02982,-0.09128,0.10385,-0.00680,0.02643,
1524392500224667136,-0.16165,0.00716,0.05688,0.69781,-0.71045,0.01727,-0.08957,0.15388,0.00795,0.03591,
1524392500324889088,-0.14670,0.00790,0.06015,0.69502,-0.71420,0.00619,-0.08256,0.16970,0.00701,0.02499,
1524392500425449728,-0.12888,0.00897,0.06238,0.69309,-0.71705,-0.00602,-0.07371,0.18446,0.01685,0.01160,
1524392500525733120,-0.11169,0.00981,0.06226,0.69260,-0.71809,-0.01212,-0.06710,0.15230,0.00264,-0.01917,
1524392500624675328,-0.09754,0.00929,0.05979,0.69579,-0.71510,-0.01697,-0.06496,0.14052,-0.00826,-0.02637,
1524392500724719360,-0.08194,0.00852,0.05713,0.69617,-0.71507,-0.02002,-0.06013,0.15395,-0.00669,-0.01391,
1524392500826312192,-0.06653,0.00766,0.05608,0.69395,-0.71754,-0.02028,-0.05613,0.15268,-0.00577,-0.01080,
1524392500924707840,-0.05067,0.00777,0.05385,0.69416,-0.71742,-0.02262,-0.05411,0.17969,0.00955,-0.02063,
1524392501027740672,-0.03112,0.00904,0.05231,0.69492,-0.71699,-0.02468,-0.04908,0.17012,0.01979,-0.01542,
1524392501124276992,-0.01499,0.01026,0.05076,0.69629,-0.71572,-0.03152,-0.04394,0.15895,0.01956,-0.00553,
1524392501225832192,-0.00109,0.01184,0.04974,0.69424,-0.71777,-0.03642,-0.03891,0.11894,0.02645,-0.00039,
1524392501324674304,0.01194,0.01406,0.04798,0.69113,-0.72080,-0.03808,-0.03667,0.11117,0.01885,-0.01348,
1524392501425543168,0.02295,0.01556,0.04705,0.68719,-0.72510,-0.03226,-0.03102,0.06103,0.01390,-0.00428,
1524392501525627648,0.03075,0.01590,0.04619,0.68297,-0.72921,-0.02303,-0.03564,0.02378,-0.01566,-0.01773,
1524392501624665856,0.03418,0.01317,0.04422,0.68505,-0.72719,-0.01655,-0.04045,-0.00015,-0.00935,-0.01776,
1524392501724381440,0.03540,0.01483,0.04378,0.68278,-0.72932,-0.01046,-0.04242,-0.05057,0.03981,0.00111,
1524392501824136704,0.02830,0.01473,0.04195,0.68708,-0.72447,-0.01267,-0.05388,-0.07371,0.02160,-0.00573,
1524392501924426240,0.02012,0.01567,0.04043,0.68888,-0.72251,-0.00885,-0.05783,-0.09896,0.01882,-0.00607,
1524392502027324928,0.00924,0.01795,0.03979,0.68822,-0.72306,-0.00637,-0.05908,-0.13086,0.01862,-0.01102,
1524392502124468736,-0.00462,0.01913,0.03871,0.68825,-0.72301,-0.00471,-0.05958,-0.15766,0.01775,0.00382,
1524392502224293376,-0.02253,0.02084,0.03809,0.68745,-0.72319,-0.00011,-0.06641,-0.21288,0.01541,0.00597,
1524392502325696256,-0.04328,0.02085,0.03803,0.68530,-0.72407,0.00714,-0.07768,-0.20643,-0.00130,0.01097,
1524392502424202752,-0.06304,0.02101,0.03880,0.68289,-0.72601,0.01147,-0.08022,-0.20499,0.01542,0.01119,
1524392502525979392,-0.08396,0.02185,0.03991,0.68010,-0.72751,0.02016,-0.08821,-0.19377,0.01826,0.01789,
1524392502623820544,-0.10354,0.02244,0.04071,0.67888,-0.72817,0.02968,-0.08955,-0.19521,0.02261,0.00291,
1524392502725328128,-0.12190,0.02405,0.04137,0.67951,-0.72717,0.03880,-0.08929,-0.18259,0.00388,-0.00262,
1524392502824070912,-0.13780,0.02359,0.04042,0.69158,-0.71380,0.03625,-0.10439,-0.13214,0.02439,0.00956,
1524392502924518144,-0.15112,0.02458,0.04078,0.68977,-0.71485,0.04853,-0.10418,-0.12688,0.00506,0.01048,
1524392503024518912,-0.16329,0.02513,0.04136,0.68875,-0.71424,0.05530,-0.11150,-0.15269,0.01415,-0.00319,
1524392503123908096,-0.17732,0.02562,0.04100,0.69206,-0.70911,0.05607,-0.12274,-0.12200,0.00447,0.01260,
1524392503223734784,-0.19113,0.02586,0.04075,0.69247,-0.70785,0.06041,-0.12560,-0.11991,0.01835,0.00723,
1524392503324025088,-0.20258,0.02726,0.04103,0.68627,-0.71327,0.06627,-0.12606,-0.11881,0.02735,0.00084,
1524392503424953600,-0.21490,0.02895,0.04133,0.67921,-0.71900,0.07328,-0.12786,-0.13299,0.02443,-0.00037,
1524392503526962176,-0.22762,0.03048,0.04090,0.67724,-0.71950,0.07361,-0.13509,-0.11414,0.01093,-0.00312,
1524392503625193984,-0.23895,0.03191,0.04040,0.67547,-0.72159,0.07174,-0.13377,-0.08296,0.01587,-0.00606,
1524392503724042752,-0.24638,0.03331,0.04017,0.67294,-0.72469,0.07401,-0.12846,-0.05980,0.00660,-0.00696,
1524392503824003584,-0.25193,0.03355,0.03967,0.67499,-0.72205,0.07191,-0.13365,-0.04257,-0.00670,-0.00207,
1524392503923919104,-0.25681,0.03333,0.03966,0.67700,-0.71950,0.06782,-0.13924,-0.03586,-0.00526,0.00022,
1524392504029941760,-0.26023,0.03342,0.04002,0.67673,-0.71947,0.06835,-0.14045,-0.01559,0.00413,-0.00505,
1524392504123938816,-0.26115,0.03407,0.03946,0.67626,-0.71943,0.06786,-0.14317,0.02400,-0.00299,-0.00237,
1524392504223414784,-0.25896,0.03382,0.03954,0.67907,-0.71603,0.06668,-0.14739,0.03919,-0.00836,-0.00456,
1524392504323722496,-0.25438,0.03292,0.03925,0.68220,-0.71250,0.06268,-0.15170,0.06318,-0.00241,-0.00434,
1524392504423673856,-0.24694,0.03193,0.03932,0.68195,-0.71309,0.06123,-0.15066,0.08656,0.00254,0.00300,
1524392504523991552,-0.23709,0.03084,0.03924,0.68526,-0.71038,0.05494,-0.15086,0.10969,0.00562,-0.00573,
1524392504623337472,-0.22462,0.02978,0.03929,0.68799,-0.70786,0.05257,-0.15116,0.13234,-0.01202,0.00268,
1524392504723724032,-0.21227,0.02784,0.03936,0.69232,-0.70451,0.04608,-0.14908,0.11238,-0.01932,-0.00141,
1524392504826048768,-0.20186,0.02639,0.03929,0.69588,-0.70108,0.03897,-0.15074,0.09909,-0.01430,0.00280,
1524392504923712768,-0.19244,0.02473,0.03918,0.69947,-0.69850,0.02943,-0.14821,0.11006,-0.01781,0.00235,
1524392505024619776,-0.18160,0.02327,0.03886,0.70285,-0.69680,0.02194,-0.14143,0.11099,-0.01394,-0.00509,
1524392505127775744,-0.17055,0.02153,0.03857,0.70619,-0.69458,0.01522,-0.13650,0.10984,-0.01279,0.00680,
1524392505223936512,-0.16061,0.02072,0.03857,0.70664,-0.69509,0.01831,-0.13104,0.08691,-0.00673,-0.00503,
1524392505324748288,-0.15082,0.01952,0.03890,0.70766,-0.69449,0.01731,-0.12885,0.10890,-0.00669,0.00086,
1524392505423643136,-0.14063,0.01862,0.03949,0.70744,-0.69591,0.01594,-0.12242,0.11440,-0.00635,0.00692,
1524392505524928768,-0.12977,0.01760,0.03928,0.70749,-0.69631,0.01228,-0.12024,0.11416,-0.00733,-0.00544,
1524392505623680000,-0.11900,0.01694,0.03905,0.70726,-0.69694,0.00970,-0.11818,0.10722,-0.00683,-0.00027,
1524392505723579392,-0.10831,0.01620,0.03942,0.70423,-0.70026,0.00918,-0.11670,0.09825,-0.00820,-0.00213,
1524392505823932160,-0.09896,0.01555,0.03912,0.70243,-0.70184,0.00634,-0.11822,0.09310,-0.01025,-0.00332,
1524392505923541248,-0.08979,0.01445,0.03961,0.70227,-0.70189,0.00350,-0.11897,0.10241,-0.00940,0.00223,
1524392506025538304,-0.07903,0.01364,0.03927,0.70296,-0.70146,-0.00177,-0.11751,0.10808,-0.00324,0.00084,
1524392506123505152,-0.06840,0.01265,0.03832,0.70379,-0.70028,-0.00521,-0.11943,0.11812,-0.00795,-0.00902,
1524392506223768320,-0.05669,0.01110,0.03737,0.70803,-0.69553,-0.01362,-0.12145,0.13603,-0.02315,-0.00645,
1524392506325483264,-0.04320,0.00916,0.03742,0.71182,-0.69219,-0.02093,-0.11724,0.13287,-0.01768,0.00046,
1524392506423354112,-0.03066,0.00803,0.03717,0.71232,-0.69194,-0.02641,-0.11456,0.11499,-0.01459,-0.00829,
1524392506526079232,-0.01954,0.00773,0.03755,0.71188,-0.69302,-0.02996,-0.10976,0.10339,-0.00451,0.00236,
1524392506623545600,-0.00887,0.00757,0.03788,0.71086,-0.69441,-0.03244,-0.10681,0.09424,-0.00955,-0.00005,
1524392506723382272,-0.00003,0.00670,0.03810,0.71244,-0.69277,-0.03393,-0.10654,0.07147,-0.01528,-0.00524,
1524392506823348992,0.00732,0.00562,0.03800,0.71621,-0.68864,-0.03952,-0.10611,0.05741,0.00217,-0.00719,
1524392506924793344,0.01381,0.00533,0.03813,0.71835,-0.68661,-0.04197,-0.10382,0.05665,-0.00713,0.00129,
1524392507024782848,0.01999,0.00480,0.03834,0.71869,-0.68685,-0.04203,-0.09974,0.05762,-0.00787,-0.00025,
1524392507123218176,0.02468,0.00359,0.03874,0.72317,-0.68212,-0.04525,-0.09842,0.04308,-0.00991,0.00282,
1524392507222776064,0.02966,0.00271,0.03827,0.72903,-0.67553,-0.05144,-0.09763,0.07351,-0.00825,-0.00231,
1524392507323269376,0.03778,0.00168,0.03704,0.73282,-0.67337,-0.04724,-0.08551,0.07145,0.00439,-0.00267,
1524392507422851584,0.03967,0.00186,0.03669,0.73222,-0.67510,-0.04102,-0.08010,-0.05376,0.00657,-0.00593,
1524392507524988928,0.03802,0.00246,0.03678,0.72828,-0.67974,-0.03959,-0.07741,0.00481,0.00630,-0.00344,
1524392507623298560,0.03863,0.00345,0.03720,0.72875,-0.68005,-0.04098,-0.06916,-0.01983,0.00458,0.00991,
1524392507723379968,0.03631,0.00467,0.03833,0.72969,-0.67882,-0.04356,-0.06965,-0.06941,0.01269,0.01458,
1524392507822944512,0.02614,0.00384,0.03821,0.73086,-0.67627,-0.04119,-0.08255,-0.09403,-0.00199,0.01062,
1524392507922996224,0.01796,0.00471,0.03884,0.72663,-0.68142,-0.03332,-0.08110,-0.07460,0.01720,0.00051,
1524392508022917120,0.00968,0.00621,0.03890,0.72476,-0.68429,-0.02623,-0.07606,-0.10874,0.01602,-0.00040,
1524392508123045376,-0.00202,0.00753,0.03858,0.72440,-0.68465,-0.02324,-0.07721,-0.12590,0.00761,0.00620,
1524392508223128576,-0.01441,0.00772,0.03909,0.72173,-0.68763,-0.02072,-0.07646,-0.10428,-0.00371,0.00399,
1524392508323013888,-0.02504,0.00849,0.03954,0.72168,-0.68831,-0.01908,-0.07106,-0.10355,0.01025,-0.00030,
1524392508423067648,-0.03656,0.00912,0.03949,0.72538,-0.68411,-0.01983,-0.07360,-0.12634,0.00551,0.00026,
1524392508526402560,-0.04827,0.00894,0.04008,0.72692,-0.68205,-0.02352,-0.07645,-0.10627,0.00391,0.00715,
1524392508623024384,-0.05955,0.00941,0.04024,0.72641,-0.68311,-0.02230,-0.07212,-0.11999,0.00719,0.00098,
1524392508722991104,-0.07275,0.01038,0.04053,0.72488,-0.68511,-0.02191,-0.06854,-0.13387,0.00554,0.00116,
1524392508822869760,-0.08586,0.01055,0.04041,0.72588,-0.68407,-0.02352,-0.06776,-0.13568,0.00338,-0.00201,
1524392508922612736,-0.09839,0.01037,0.03977,0.72826,-0.68150,-0.02707,-0.06688,-0.13306,0.01010,-0.00417,
1524392509024026112,-0.11086,0.01071,0.03955,0.72882,-0.68084,-0.02880,-0.06674,-0.14062,0.01110,-0.00286,
1524392509122662656,-0.12436,0.01139,0.03958,0.72805,-0.68143,-0.02867,-0.06907,-0.13895,0.00082,-0.00106,
1524392509222844928,-0.13755,0.01173,0.03935,0.72851,-0.68072,-0.03018,-0.07060,-0.11763,0.00732,-0.00216,
1524392509322747136,-0.14851,0.01265,0.03925,0.72587,-0.68396,-0.02685,-0.06776,-0.12208,0.00326,-0.00143,
1524392509422794240,-0.15924,0.01297,0.03843,0.72432,-0.68519,-0.02938,-0.07087,-0.10478,0.00192,0.00136,
1524392509524435200,-0.16808,0.01403,0.03772,0.72179,-0.68828,-0.02787,-0.06716,-0.09697,0.00136,-0.00109,
1524392509622665216,-0.17912,0.01512,0.03763,0.72044,-0.68978,-0.02523,-0.06735,-0.13060,0.00474,0.00109,
1524392509722740992,-0.19338,0.01633,0.03808,0.71958,-0.69019,-0.02097,-0.07346,-0.13321,0.01120,0.00479,
1524392509822751488,-0.20508,0.01797,0.03906,0.71677,-0.69295,-0.01361,-0.07662,-0.10167,0.01937,0.01576,
1524392509922773760,-0.21528,0.01958,0.03851,0.71420,-0.69613,-0.00705,-0.07257,-0.11887,0.02352,0.00144,
1524392510023165952,-0.22569,0.02134,0.03882,0.70977,-0.70096,-0.00260,-0.06986,-0.10246,0.02464,0.00159,
1524392510123302400,-0.23537,0.02218,0.03851,0.70864,-0.70156,-0.00200,-0.07510,-0.08845,0.01519,-0.00418,
1524392510222793216,-0.24281,0.02299,0.03852,0.70615,-0.70298,0.00038,-0.08463,-0.05168,0.01100,0.00411,
1524392510322445568,-0.24743,0.02354,0.03842,0.70320,-0.70559,0.00802,-0.08707,-0.04324,0.00261,-0.00822,
1524392510422793216,-0.25039,0.02389,0.03772,0.70522,-0.70314,0.00420,-0.09083,-0.01966,0.00584,0.00315,
1524392510523632896,-0.25129,0.02457,0.03766,0.70347,-0.70536,0.00905,-0.08670,-0.00886,0.00633,0.00071,
1524392510622264320,-0.25222,0.02491,0.03761,0.70272,-0.70623,0.01084,-0.08548,-0.01642,0.01467,-0.00219,
1524392510723424000,-0.25306,0.02561,0.03735,0.70216,-0.70639,0.01113,-0.08863,0.01633,0.00710,0.00284,
1524392510822323200,-0.25055,0.02567,0.03744,0.70194,-0.70637,0.01025,-0.09064,0.03648,-0.00348,0.00579,
1524392510922324480,-0.24617,0.02489,0.03808,0.69961,-0.70830,0.01072,-0.09354,0.07610,-0.02052,0.01126,
1524392511022729984,-0.23776,0.02329,0.03922,0.69801,-0.71008,0.01091,-0.09193,0.09777,-0.01537,0.00850,
1524392511122268160,-0.22739,0.02139,0.04016,0.69832,-0.70910,0.01221,-0.09679,0.11048,-0.01764,0.00343,
1524392511222016768,-0.21611,0.01960,0.04041,0.70195,-0.70577,0.00560,-0.09550,0.11375,-0.01049,-0.00020,
1524392511322236928,-0.20467,0.01890,0.04033,0.70305,-0.70550,0.00053,-0.08941,0.12628,-0.01125,0.00005,
1524392511422819072,-0.19177,0.01807,0.04093,0.70294,-0.70602,-0.00167,-0.08601,0.13788,-0.02667,0.00608,
1524392511533120512,-0.17806,0.01588,0.04155,0.70460,-0.70470,-0.00635,-0.08304,0.12871,-0.01356,0.00656,
1524392511622264320,-0.16621,0.01512,0.04107,0.70819,-0.70155,-0.01309,-0.07820,0.12490,-0.01281,-0.01299,
1524392511723116032,-0.15259,0.01334,0.04089,0.71186,-0.69744,-0.01824,-0.08065,0.11733,-0.01394,-0.00719,
1524392511822163456,-0.14232,0.01166,0.04133,0.71408,-0.69467,-0.02391,-0.08333,0.11677,-0.01241,0.00495,
1524392511922297088,-0.13147,0.00983,0.04190,0.71336,-0.69568,-0.02478,-0.08086,0.12470,-0.01272,0.00462,
1524392512023072768,-0.12057,0.00838,0.04143,0.71316,-0.69573,-0.02740,-0.08126,0.13014,-0.01106,0.00560,
1524392512121801472,-0.10854,0.00623,0.04115,0.71527,-0.69317,-0.03040,-0.08355,0.13490,-0.01594,-0.00102,
1524392512222184960,-0.09699,0.00474,0.04082,0.71618,-0.69202,-0.03280,-0.08434,0.11503,-0.01099,0.00083,
1524392512322001920,-0.08670,0.00366,0.04068,0.71534,-0.69322,-0.03251,-0.08168,0.10551,-0.00762,-0.00330,
1524392512422196736,-0.07624,0.00295,0.04089,0.71401,-0.69480,-0.03512,-0.07880,0.11601,-0.01081,-0.00134,
1524392512528531200,-0.06658,0.00248,0.04131,0.71291,-0.69609,-0.03537,-0.07723,0.09766,-0.00688,0.00043,
1524392512622680064,-0.05764,0.00172,0.04105,0.71251,-0.69638,-0.03703,-0.07757,0.11640,-0.00676,0.00042,
1524392512721987328,-0.04773,0.00115,0.04062,0.71099,-0.69822,-0.03534,-0.07568,0.09813,-0.00863,-0.00410,
1524392512822548224,-0.03906,0.00048,0.04043,0.71169,-0.69743,-0.03600,-0.07609,0.07500,-0.00368,0.00155,
1524392512922020096,-0.03096,-0.00035,0.04051,0.71160,-0.69740,-0.03728,-0.07662,0.07685,-0.00425,-0.00593,
1524392513022818048,-0.02338,-0.00093,0.04032,0.71160,-0.69742,-0.03764,-0.07624,0.06692,-0.00701,-0.00408,
1524392513121523456,-0.01722,-0.00123,0.04052,0.71198,-0.69672,-0.03833,-0.07866,0.04971,-0.00601,-0.00166,
1524392513221408000,-0.01227,-0.00178,0.04050,0.71258,-0.69580,-0.03918,-0.08096,0.04939,-0.00856,0.00221,
1524392513321599232,-0.00691,-0.00251,0.04049,0.71402,-0.69432,-0.04075,-0.08021,0.05372,-0.00290,0.00396,
1524392513421303552,-0.00189,-0.00282,0.04097,0.71549,-0.69274,-0.04021,-0.08106,0.05063,0.00023,0.00228,
1524392513522788096,0.00424,-0.00289,0.04124,0.71539,-0.69336,-0.03783,-0.07767,0.05297,0.00076,0.00158,
1524392513621601792,0.00931,-0.00312,0.04118,0.71616,-0.69296,-0.03740,-0.07424,0.04079,-0.00826,-0.00477,
1524392513721346560,0.01345,-0.00359,0.04102,0.71855,-0.69022,-0.04042,-0.07516,0.04310,-0.00562,0.00054,
1524392513821219072,0.01788,-0.00312,0.04103,0.72018,-0.68857,-0.04331,-0.07310,0.03677,0.00503,0.00564,
1524392513921523968,0.02066,-0.00364,0.04135,0.72154,-0.68727,-0.04368,-0.07165,0.03355,-0.00839,0.00224,
1524392514023924224,0.02285,-0.00403,0.04120,0.72460,-0.68408,-0.04428,-0.07101,0.03698,-0.00403,-0.00681,
1524392514121380608,0.02747,-0.00408,0.04131,0.72529,-0.68379,-0.04436,-0.06652,0.03846,-0.00200,-0.00705,
1524392514221168384,0.02975,-0.00439,0.04114,0.72607,-0.68301,-0.04491,-0.06563,0.00520,-0.00584,-0.00907,
1524392514321721088,0.03207,-0.00454,0.04138,0.72802,-0.68071,-0.04940,-0.06456,0.03313,0.00271,0.00223,
1524392514421241856,0.03510,-0.00465,0.04100,0.72904,-0.68003,-0.04763,-0.06158,0.03455,0.00198,-0.00197,
1524392514522525696,0.03848,-0.00457,0.04033,0.73094,-0.67840,-0.04783,-0.05666,0.02557,-0.00068,-0.01180,
1524392514622121472,0.04008,-0.00458,0.03990,0.73238,-0.67738,-0.04504,-0.05241,-0.02241,0.00897,0.01115,
1524392514721339136,0.03693,-0.00421,0.04000,0.73259,-0.67676,-0.04519,-0.05712,-0.05845,0.00305,-0.01752,
1524392514821507840,0.03068,-0.00363,0.03929,0.73347,-0.67584,-0.04060,-0.06014,-0.06742,0.00942,-0.00460,
1524392514921203968,0.02572,-0.00266,0.03957,0.73257,-0.67701,-0.04265,-0.05644,-0.01288,0.01740,0.00918,
1524392515021877248,0.02168,-0.00154,0.04007,0.73474,-0.67510,-0.03915,-0.05356,-0.10175,0.00170,0.00230,
1524392515122224128,0.01191,-0.00207,0.04014,0.73537,-0.67361,-0.03782,-0.06362,-0.09310,0.00638,0.01256,
1524392515221017088,0.00353,-0.00130,0.04093,0.73126,-0.67886,-0.02695,-0.06075,-0.09624,0.01573,-0.00362,
1524392515320975872,-0.00727,-0.00005,0.04047,0.73228,-0.67794,-0.02118,-0.06092,-0.11976,0.01064,-0.00889,
1524392515420885760,-0.01821,0.00080,0.04000,0.73582,-0.67366,-0.02074,-0.06566,-0.10706,0.01207,-0.00045,
1524392515525056000,-0.02800,0.00215,0.04035,0.73583,-0.67363,-0.01751,-0.06690,-0.09335,0.01058,0.00466,
1524392515621222912,-0.03843,0.00345,0.04055,0.73469,-0.67498,-0.01463,-0.06639,-0.10721,0.00597,0.00655,
1524392515721102336,-0.04965,0.00455,0.04072,0.73419,-0.67538,-0.01271,-0.06836,-0.11469,0.00448,0.00225,
1524392515821176576,-0.06054,0.00586,0.04101,0.73352,-0.67570,-0.01049,-0.07261,-0.10014,0.00136,-0.00161,
1524392515921250304,-0.06971,0.00700,0.04109,0.73359,-0.67564,-0.00792,-0.07282,-0.09946,0.01069,-0.00347,
1524392516022334464,-0.08009,0.00808,0.04085,0.73407,-0.67489,-0.00557,-0.07504,-0.10333,0.00785,-0.00022,
1524392516121220864,-0.09042,0.00905,0.04104,0.73476,-0.67413,-0.00405,-0.07527,-0.10505,0.01121,0.00391,
1524392516220821760,-0.10191,0.01062,0.04128,0.73262,-0.67666,0.00190,-0.07347,-0.11550,0.00448,-0.00081,
1524392516321023232,-0.11384,0.01116,0.04154,0.73316,-0.67582,0.00308,-0.07576,-0.11269,0.00450,0.00246,
1524392516421294080,-0.12544,0.01201,0.04131,0.73261,-0.67645,0.00356,-0.07544,-0.11337,0.01305,-0.00163,
1524392516526663936,-0.13667,0.01329,0.04161,0.73115,-0.67803,0.00555,-0.07522,-0.10558,0.01599,0.00532,
1524392516621103616,-0.14750,0.01440,0.04142,0.73026,-0.67883,0.00721,-0.07660,-0.11068,0.01371,0.00363,
1524392516720746240,-0.15873,0.01487,0.04112,0.73130,-0.67752,0.00468,-0.07835,-0.10213,0.01072,0.00145,
1524392516821003008,-0.16886,0.01551,0.04084,0.73268,-0.67574,0.00386,-0.08085,-0.09944,0.00355,-0.00494,
1524392516920627968,-0.17905,0.01619,0.04069,0.73283,-0.67500,0.00160,-0.08562,-0.08474,0.00613,0.00228,
1524392517023789824,-0.18830,0.01685,0.04062,0.73129,-0.67689,0.00349,-0.08375,-0.09331,0.01241,0.00094,
1524392517121025792,-0.19834,0.01757,0.04039,0.72935,-0.67869,0.00321,-0.08609,-0.09927,0.00828,0.00167,
1524392517221112320,-0.20782,0.01834,0.04044,0.72701,-0.68101,0.00242,-0.08761,-0.07795,0.01001,0.00730,
1524392517321623040,-0.21509,0.01923,0.04096,0.72467,-0.68417,0.00622,-0.08206,-0.07413,0.00956,0.00970,
1524392517420582912,-0.22250,0.01985,0.04119,0.72309,-0.68594,0.01164,-0.08060,-0.09044,0.01564,0.00964,
1524392517522271488,-0.23018,0.02069,0.04099,0.72007,-0.68857,0.02261,-0.08285,-0.07968,0.01010,-0.00418,
1524392517620832512,-0.23671,0.02173,0.04084,0.71943,-0.68903,0.02982,-0.08225,-0.06477,0.01419,0.00257,
1524392517720935168,-0.24259,0.02298,0.04100,0.71768,-0.69040,0.03751,-0.08293,-0.04050,0.00186,0.00955,
1524392517820763136,-0.24655,0.02333,0.04100,0.71723,-0.69091,0.04220,-0.08031,-0.04226,0.01111,-0.00159,
1524392517920990208,-0.24953,0.02392,0.04092,0.71515,-0.69269,0.04404,-0.08243,0.00613,0.00247,0.00667,
1524392518022920704,-0.24923,0.02385,0.04125,0.71407,-0.69375,0.04691,-0.08130,0.01289,0.00274,-0.00327,
1524392518121715456,-0.24722,0.02413,0.04078,0.71502,-0.69242,0.04140,-0.08705,0.06223,-0.00801,-0.00643,
1524392518220993024,-0.24006,0.02346,0.04020,0.71834,-0.68928,0.02937,-0.08953,0.10720,0.00210,-0.00304,
1524392518320532992,-0.22897,0.02266,0.03989,0.72045,-0.68666,0.02189,-0.09476,0.11843,-0.02584,-0.00334,
1524392518420201984,-0.21646,0.02031,0.03980,0.72594,-0.68007,0.00855,-0.10218,0.14044,-0.02323,0.00026,
1524392518520997376,-0.20338,0.01822,0.04010,0.72762,-0.67850,0.00147,-0.10101,0.11967,-0.02101,0.00307,
1524392518620506624,-0.19326,0.01673,0.04021,0.72720,-0.67876,-0.00204,-0.10229,0.10274,-0.01727,-0.00287,
1524392518720669952,-0.18304,0.01595,0.04028,0.72719,-0.67877,-0.00637,-0.10213,0.10735,-0.00840,-0.00103,
1524392518820707840,-0.17388,0.01589,0.04018,0.72494,-0.68083,-0.00446,-0.10446,0.08728,-0.00334,-0.00566,
1524392518922212352,-0.16564,0.01574,0.04019,0.72225,-0.68308,-0.00208,-0.10837,0.08898,-0.00242,-0.00316,
1524392519022553600,-0.15601,0.01517,0.03986,0.72232,-0.68268,-0.00485,-0.11035,0.10573,-0.00407,0.00647,
1524392519120427008,-0.14615,0.01462,0.03985,0.72162,-0.68343,-0.00287,-0.11034,0.10435,-0.00076,-0.00110,
1524392519220381952,-0.13545,0.01399,0.03979,0.72002,-0.68471,-0.00273,-0.11288,0.10663,-0.00926,0.00052,
1524392519320447744,-0.12472,0.01299,0.03985,0.72097,-0.68360,-0.00655,-0.11335,0.10726,-0.01384,-0.00161,
1524392519420019712,-0.11496,0.01181,0.03965,0.72294,-0.68115,-0.01154,-0.11512,0.11104,-0.01729,-0.00168,
1524392519520756480,-0.10467,0.01047,0.03935,0.72457,-0.67878,-0.01580,-0.11833,0.10942,-0.01241,-0.00402,
1524392519624050688,-0.09375,0.00902,0.03950,0.72645,-0.67709,-0.02044,-0.11577,0.11600,-0.01037,0.00550,
1524392519721669632,-0.08262,0.00795,0.03949,0.72803,-0.67614,-0.02440,-0.11048,0.13365,-0.01708,0.00163,
1524392519820291840,-0.06994,0.00694,0.03961,0.72975,-0.67498,-0.02936,-0.10488,0.13736,-0.01588,-0.00230,
1524392519920341760,-0.05594,0.00576,0.03944,0.73098,-0.67399,-0.03737,-0.10005,0.14826,-0.00823,0.00147,
1524392520020781056,-0.04168,0.00485,0.03980,0.72900,-0.67722,-0.03975,-0.09139,0.13490,-0.01185,-0.00149,
1524392520121903104,-0.03010,0.00386,0.03989,0.72666,-0.68015,-0.04335,-0.08650,0.11722,-0.00548,0.00300,
1524392520220210176,-0.01862,0.00340,0.04001,0.72330,-0.68443,-0.04227,-0.08131,0.10686,-0.00645,0.00230,
1524392520320548352,-0.00893,0.00299,0.04014,0.72220,-0.68613,-0.04126,-0.07709,0.07319,-0.00465,-0.00332,
1524392520420338432,-0.00139,0.00240,0.04008,0.72364,-0.68424,-0.04261,-0.07963,0.05600,-0.00670,-0.00158,
1524392520522344704,0.00474,0.00165,0.04000,0.72553,-0.68172,-0.04550,-0.08242,0.06865,-0.00971,-0.00229,
1524392520623269376,0.01122,0.00089,0.03992,0.72805,-0.67894,-0.05061,-0.08011,0.06864,-0.00999,0.00290,
1524392520720206080,0.01759,0.00061,0.03999,0.73124,-0.67590,-0.05383,-0.07449,0.04969,-0.00132,0.00169,
1524392520820038400,0.02282,0.00018,0.03936,0.73345,-0.67417,-0.05239,-0.06930,0.07354,-0.01293,-0.02196,
1524392520919773440,0.02805,0.00036,0.03846,0.73691,-0.67229,-0.04515,-0.05436,-0.01421,0.01736,0.00694,
1524392521025135360,0.02558,0.00117,0.03777,0.73685,-0.67211,-0.04975,-0.05338,-0.00661,0.02061,0.01667,
1524392521120041728,0.02461,0.00333,0.03871,0.73738,-0.67177,-0.05162,-0.04831,-0.05956,0.02150,0.01649,
1524392521220279808,0.01533,0.00337,0.03812,0.73896,-0.66919,-0.04981,-0.06038,-0.12433,-0.00369,0.00117,
1524392521320243712,0.00379,0.00303,0.03840,0.73743,-0.67026,-0.04812,-0.06806,-0.10186,0.00537,0.00643,
1524392521419949056,-0.00659,0.00365,0.03887,0.73387,-0.67457,-0.04293,-0.06736,-0.11004,0.00426,-0.00374,
1524392521524268032,-0.01843,0.00401,0.03885,0.73350,-0.67474,-0.04398,-0.06912,-0.12028,0.00820,-0.00440,
1524392521620107776,-0.03088,0.00521,0.03905,0.73161,-0.67667,-0.04117,-0.07193,-0.12899,0.01981,0.00238,
1524392521720029952,-0.04463,0.00719,0.03883,0.72683,-0.68259,-0.03253,-0.06878,-0.13777,0.01297,-0.00303,
1524392521819888384,-0.05732,0.00811,0.03833,0.72605,-0.68302,-0.03110,-0.07328,-0.11963,-0.00393,-0.00469,
1524392521919856896,-0.06868,0.00935,0.03859,0.72555,-0.68355,-0.02619,-0.07522,-0.10421,0.00474,-0.00763,
1524392522022133248,-0.07877,0.01028,0.03831,0.72616,-0.68296,-0.02040,-0.07643,-0.08980,0.00471,-0.00541,
1524392522122952704,-0.08569,0.01060,0.03849,0.72797,-0.68112,-0.01727,-0.07642,-0.08448,0.00508,-0.00048,
1524392522219974400,-0.09358,0.01133,0.03848,0.72853,-0.68051,-0.01520,-0.07690,-0.09070,0.01544,-0.00132,
1524392522319884288,-0.10248,0.01218,0.03840,0.72861,-0.68015,-0.01258,-0.07981,-0.09395,0.01274,0.00040,
1524392522419268864,-0.11113,0.01307,0.03846,0.72818,-0.68028,-0.00942,-0.08297,-0.08552,0.01035,0.00413,
1524392522520684288,-0.11882,0.01385,0.03873,0.72706,-0.68114,-0.00791,-0.08583,-0.06557,0.01228,0.00531,
1524392522620308736,-0.12517,0.01481,0.03917,0.72322,-0.68580,-0.00249,-0.08139,-0.06679,0.01123,0.00493,
1524392522719833088,-0.13174,0.01500,0.03917,0.72168,-0.68770,0.00129,-0.07902,-0.07926,0.00525,-0.00012,
1524392522820028416,-0.13953,0.01501,0.03913,0.72212,-0.68698,0.00168,-0.08123,-0.08245,0.00709,0.00139,
1524392522919750144,-0.14745,0.01462,0.03967,0.72356,-0.68529,0.00179,-0.08265,-0.08205,0.01168,0.01103,
1524392523020095488,-0.15540,0.01476,0.04034,0.72159,-0.68786,0.00963,-0.07785,-0.08322,0.00451,0.00521,
1524392523119590656,-0.16366,0.01497,0.04050,0.71929,-0.69058,0.01159,-0.07476,-0.08924,0.00814,0.00049,
1524392523219540992,-0.17189,0.01580,0.04008,0.71645,-0.69349,0.01314,-0.07484,-0.08990,0.00327,-0.00304,
1524392523319504384,-0.18076,0.01621,0.03970,0.71684,-0.69311,0.01344,-0.07450,-0.09409,0.00142,-0.01008,
1524392523419146752,-0.18990,0.01674,0.03950,0.72045,-0.68895,0.01012,-0.07872,-0.08695,-0.00114,-0.00329,
1524392523519384064,-0.19826,0.01713,0.03937,0.72340,-0.68503,0.01279,-0.08524,-0.07631,-0.00131,-0.00719,
1524392523619576832,-0.20551,0.01766,0.03904,0.72373,-0.68356,0.01069,-0.09407,-0.03362,-0.00131,0.00620,
1524392523723015680,-0.20956,0.01778,0.03929,0.72283,-0.68439,0.01772,-0.09390,-0.02724,0.00327,-0.00325,
1524392523820740608,-0.21283,0.01809,0.03914,0.72262,-0.68425,0.02088,-0.09587,-0.02406,0.00602,-0.00475,
1524392523923204864,-0.21359,0.01851,0.03947,0.72181,-0.68476,0.02442,-0.09742,0.00629,-0.00005,0.00368,
1524392524020140544,-0.21435,0.01898,0.03951,0.72070,-0.68597,0.02696,-0.09650,0.00363,0.00220,-0.00195,
1524392524120002304,-0.21403,0.01942,0.03923,0.71991,-0.68682,0.02742,-0.09616,0.00753,0.00046,0.00094,
1524392524219986688,-0.21370,0.01952,0.03931,0.71944,-0.68692,0.03043,-0.09808,0.00150,-0.00652,0.00497,
1524392524319285504,-0.21399,0.01892,0.03935,0.72038,-0.68564,0.02758,-0.10097,0.00114,-0.01080,0.00108,
1524392524421750016,-0.21354,0.01815,0.04005,0.72549,-0.68114,0.01702,-0.09705,0.00126,-0.00992,0.03390,
1524392524519895296,-0.21465,0.01752,0.04646,0.72754,-0.67986,-0.00079,-0.09206,0.01569,-0.00551,0.14038,
1524392524619311616,-0.21214,0.01508,0.06482,0.72161,-0.68601,-0.02431,-0.08990,0.06217,-0.06904,0.23494,
1524392524719411968,-0.20650,0.00564,0.09072,0.71634,-0.69037,-0.06371,-0.07866,0.09786,-0.16637,0.29559,
1524392524819237120,-0.19879,-0.01128,0.12066,0.71283,-0.68811,-0.11100,-0.07781,0.13373,-0.23128,0.33549,
1524392524919228672,-0.18778,-0.03280,0.15468,0.70309,-0.69267,-0.14104,-0.07733,0.15607,-0.26998,0.32600,
1524392525020148992,-0.17414,-0.06195,0.18669,0.69628,-0.68999,-0.18004,-0.08178,0.18230,-0.39130,0.25654,
1524392525119196672,-0.16107,-0.10121,0.20507,0.69851,-0.65693,-0.26698,-0.09612,0.18000,-0.44565,0.06100,
1524392525219247104,-0.15117,-0.14430,0.20079,0.71601,-0.59593,-0.34583,-0.11229,0.04950,-0.37891,-0.26073,
1524392525319080448,-0.15087,-0.17867,0.16257,0.74092,-0.54403,-0.36990,-0.13504,-0.06711,-0.22916,-0.56156,
1524392525419332864,-0.15999,-0.20232,0.12999,0.76469,-0.52845,-0.33841,-0.14651,-0.10988,-0.10189,-0.50447,
1524392525520038144,-0.16746,-0.22517,0.10090,0.78772,-0.51795,-0.31140,-0.11941,-0.05239,-0.06485,-0.37051,
1524392525619084288,-0.17054,-0.23586,0.07544,0.81695,-0.49964,-0.27536,-0.08443,-0.03888,0.00017,-0.20287,
1524392525719657216,-0.17207,-0.24231,0.05780,0.83089,-0.48854,-0.25057,-0.09042,0.03770,-0.01286,-0.08725,
1524392525819162112,-0.17863,-0.24408,0.04722,0.83605,-0.48615,-0.24035,-0.08309,-0.00663,-0.00413,-0.03986,
1524392525918889216,-0.18062,-0.23971,0.03495,0.84231,-0.47825,-0.23678,-0.07564,0.00262,0.03655,-0.05455,
1524392526020231680,-0.18074,-0.23409,0.02691,0.84294,-0.47774,-0.23183,-0.08648,0.04201,0.02746,-0.08604,
1524392526118958592,-0.17627,-0.23145,0.02194,0.84323,-0.48753,-0.21358,-0.07524,0.06794,0.00261,-0.02746,
1524392526218546176,-0.17372,-0.22942,0.01895,0.84105,-0.50289,-0.19029,-0.05935,0.01683,-0.02186,-0.01558,
1524392526319007488,-0.17400,-0.22792,0.01881,0.83994,-0.50314,-0.20154,-0.02706,-0.01254,0.01165,-0.00067,
1524392526418739712,-0.17419,-0.22605,0.01954,0.83527,-0.50454,-0.21845,-0.00666,0.01659,0.01198,0.00042,
1524392526518975488,-0.17346,-0.22477,0.01957,0.83092,-0.50998,-0.22237,0.00570,0.00804,0.00361,0.00633,
1524392526619045120,-0.17386,-0.22358,0.01971,0.82561,-0.51307,-0.23415,0.01721,0.00876,0.00542,-0.00023,
1524392526718502144,-0.17436,-0.22211,0.01936,0.81752,-0.51758,-0.25040,0.03287,0.02218,0.00131,0.00014,
1524392526818740736,-0.17346,-0.22190,0.01898,0.81040,-0.51730,-0.27154,0.04382,-0.00026,0.00434,-0.00416,
1524392526918785024,-0.17413,-0.22084,0.01904,0.80047,-0.52333,-0.28784,0.05017,-0.00333,0.00804,-0.00590,
1524392527020132608,-0.17484,-0.21965,0.01876,0.78892,-0.53238,-0.30014,0.06403,-0.00056,0.00643,-0.00292,
1524392527118935296,-0.17484,-0.21875,0.01885,0.78683,-0.52498,-0.31101,0.09259,0.00615,0.00136,0.00107,
1524392527218920960,-0.17485,-0.21652,0.01778,0.77427,-0.54321,-0.31050,0.09494,-0.00676,0.01305,-0.00825,
1524392527318234368,-0.17592,-0.21495,0.01772,0.74505,-0.58158,-0.31912,0.06945,0.00892,0.00627,-0.00342,
