1524392472730381056,-0.04815,0.02918,0.05405,0.66884,-0.74200,0.04224,0.01757,
1524392472830533632,-0.07698,0.03505,0.06924,0.66875,-0.74083,0.06272,0.00245,
1524392472930546176,-0.10451,0.02952,0.08432,0.66958,-0.73879,0.07466,-0.01688,
1524392473031804160,-0.12072,0.01524,0.09403,0.66335,-0.74154,0.09385,-0.03562,
1524392473130294016,-0.12205,-0.00449,0.09580,0.66679,-0.73734,0.09576,-0.05048,
1524392473230585856,-0.10980,-0.02282,0.08934,0.68006,-0.72695,0.07646,-0.05662,
1524392473330607872,-0.08939,-0.03452,0.08453,0.68103,-0.72776,0.06039,-0.05409,
1524392473430572544,-0.06203,-0.03994,0.07756,0.68315,-0.72724,0.05141,-0.04229,
1524392473531699200,-0.03594,-0.03591,0.06705,0.68977,-0.72220,0.03955,-0.03277,
1524392473630395136,-0.01698,-0.02657,0.05437,0.69037,-0.72240,0.03660,-0.01344,
1524392473730777344,-0.00901,-0.01577,0.04198,0.67899,-0.73303,0.04037,0.00245,
1524392473830457856,-0.01222,-0.00675,0.03446,0.67924,-0.73335,0.02865,0.00335,
1524392473930504448,-0.02196,0.00014,0.03176,0.68192,-0.73106,0.02233,-0.00497,
1524392474030761728,-0.02984,-0.00016,0.03282,0.68372,-0.72937,0.01881,-0.01414,
1524392474130343424,-0.02744,-0.00222,0.03360,0.67289,-0.73925,0.02533,-0.00909,
1524392474230393088,-0.01683,-0.00468,0.02943,0.67281,-0.73932,0.02683,0.00306,
1524392474330858752,-0.00631,-0.00524,0.02089,0.68599,-0.72744,0.01560,-0.00090,
1524392474430246912,-0.00012,-0.00307,0.01399,0.70152,-0.71265,0.00171,-0.00061,
1524392474534034176,-0.00071,-0.00226,0.00948,0.69603,-0.71797,0.00600,-0.00595,
1524392474630227456,-0.00196,-0.00205,0.01030,0.68789,-0.72577,0.00514,-0.00675,
1524392474730132480,-0.00184,-0.00232,0.01015,0.68085,-0.73234,0.00774,-0.00740,
1524392475030418432,-0.00264,-0.00248,0.01066,0.67535,-0.73731,0.01657,-0.00246,
1524392475430029568,-0.00757,-0.00337,0.01776,0.67482,-0.73761,0.02224,0.00745,
1524392475530239488,-0.01749,-0.00685,0.02700,0.67533,-0.73731,0.01523,-0.00862,
1524392475629748224,-0.02071,-0.00970,0.03647,0.69185,-0.72192,0.00314,-0.01293,
1524392475729699328,-0.01855,-0.01062,0.04165,0.69322,-0.72068,-0.00008,-0.00846,
1524392475829745408,-0.01269,-0.01014,0.04019,0.68990,-0.72383,-0.00938,0.00436,
1524392475929846528,-0.00800,-0.01066,0.03798,0.70456,-0.70895,-0.01933,0.02457,
1524392476030389504,-0.00645,-0.01011,0.04129,0.68612,-0.72706,-0.01137,0.02219,
1524392476130408448,-0.00525,-0.01527,0.04965,0.66338,-0.74816,-0.00984,0.00910,
1524392476229834752,-0.00669,-0.02305,0.05919,0.67368,-0.73903,-0.00128,-0.00109,
1524392476329787136,-0.00916,-0.02692,0.06216,0.69707,-0.71685,-0.00178,-0.01469,
1524392476429825792,-0.00796,-0.02467,0.06028,0.71500,-0.69900,-0.00799,-0.01055,
1524392476531496192,-0.00482,-0.02258,0.05938,0.71806,-0.69596,-0.00501,-0.00012,
1524392476629778432,-0.00065,-0.01839,0.05903,0.72218,-0.69148,-0.01279,0.01193,
1524392476729823488,-0.00136,-0.01498,0.06155,0.75825,-0.65161,-0.02132,-0.00116,
1524392476830221568,-0.01025,-0.01090,0.06460,0.80458,-0.59175,-0.04805,-0.01325,
1524392476929620224,-0.01541,-0.00629,0.06877,0.81018,-0.58196,-0.06763,-0.01919,
1524392477030882304,-0.02037,-0.00552,0.07101,0.82791,-0.55340,-0.09010,-0.01414,
1524392477129615104,-0.02370,-0.00288,0.07058,0.82122,-0.55983,-0.11043,-0.00189,
1524392477229344768,-0.02810,-0.00244,0.07095,0.83119,-0.54255,-0.12128,0.00686,
1524392477329326848,-0.03105,-0.00150,0.07230,0.83884,-0.52510,-0.14338,0.00800,
1524392477429560832,-0.03350,-0.00118,0.07249,0.84549,-0.50860,-0.16198,0.01533,
1524392477530070528,-0.03481,-0.00014,0.07230,0.84916,-0.50040,-0.16726,0.02362,
1524392477730879488,-0.03137,0.00271,0.06991,0.84697,-0.50867,-0.15185,0.02899,
1524392477829290752,-0.03396,0.00317,0.07040,0.85208,-0.49270,-0.17400,0.03049,
1524392477929469952,-0.03083,0.00594,0.07128,0.84211,-0.50033,-0.19549,0.04804,
1524392478029770496,-0.03082,0.00521,0.07117,0.84983,-0.48971,-0.19019,0.04241,
1524392478129196800,-0.03389,0.00523,0.07077,0.85046,-0.48961,-0.19205,0.01106,
1524392478229343488,-0.03649,0.00499,0.07113,0.83985,-0.50138,-0.20798,-0.00436,
1524392478329383168,-0.03689,0.00518,0.07097,0.83503,-0.50828,-0.21039,-0.01028,
1524392478429376000,-0.03482,0.00508,0.06948,0.83268,-0.51865,-0.19403,-0.00011,
1524392478529712128,-0.03118,0.00658,0.06755,0.83208,-0.52448,-0.17960,0.01767,
1524392478729238784,-0.03414,0.00677,0.06916,0.82939,-0.52497,-0.19094,0.00746,
1524392478829297152,-0.03611,0.00536,0.06877,0.84154,-0.50340,-0.19588,-0.00472,
1524392478929382912,-0.03604,0.00414,0.06833,0.84649,-0.48936,-0.20969,-0.00055,
1524392479029232896,-0.03506,0.00336,0.06781,0.85547,-0.47537,-0.20538,-0.00260,
1524392479129169408,-0.03378,0.00339,0.06687,0.85859,-0.46967,-0.20519,0.01175,
1524392479229137408,-0.03508,0.00380,0.06720,0.85367,-0.47561,-0.21199,0.01000,
1524392479329205504,-0.03361,0.00529,0.06719,0.84689,-0.48535,-0.21620,0.02183,
1524392479428981504,-0.03363,0.00638,0.06780,0.84544,-0.48386,-0.22456,0.02607,
1524392479629277440,-0.03427,0.00669,0.06824,0.84319,-0.48870,-0.22319,0.01958,
1524392479728826880,-0.03389,0.00739,0.06812,0.83722,-0.49836,-0.22413,0.02163,
1524392479828750592,-0.03386,0.00748,0.06763,0.83267,-0.50969,-0.21547,0.02116,
1524392480128983808,-0.03599,0.00894,0.06749,0.82618,-0.52122,-0.21303,0.01957,
1524392480228825344,-0.03771,0.00917,0.06807,0.82196,-0.52849,-0.21204,0.01086,
1524392480328789760,-0.04038,0.00646,0.06855,0.83368,-0.50974,-0.21206,-0.01288,
1524392480429103104,-0.04035,0.00517,0.06785,0.83614,-0.50151,-0.22163,-0.01545,
1524392480533759488,-0.03949,0.00419,0.06724,0.84008,-0.49300,-0.22604,-0.01097,
1524392480628807680,-0.03720,0.00458,0.06600,0.84418,-0.48488,-0.22856,0.00168,
1524392480728837120,-0.03499,0.00799,0.06580,0.83532,-0.49553,-0.23676,0.02499,
1524392480828663296,-0.03759,0.01033,0.06668,0.82576,-0.50210,-0.25400,0.03860,
1524392480928724736,-0.04140,0.01277,0.06957,0.81151,-0.50995,-0.28030,0.05313,
1524392481029799680,-0.04370,0.01402,0.06969,0.80334,-0.51972,-0.28555,0.05480,
1524392481228516096,-0.04393,0.01357,0.07048,0.80329,-0.52318,-0.27985,0.05182,
1524392481328561152,-0.04507,0.01396,0.07175,0.79266,-0.54249,-0.27465,0.04424,
1524392481428539648,-0.04402,0.01333,0.07127,0.79659,-0.54594,-0.25618,0.04208,
1524392481530346752,-0.04138,0.01357,0.07060,0.80845,-0.53939,-0.23017,0.04981,
1524392481628686336,-0.03978,0.01318,0.06960,0.81581,-0.52991,-0.22558,0.05267,
1524392481728658176,-0.03995,0.01030,0.06859,0.82399,-0.51677,-0.22893,0.03979,
1524392481828696320,-0.04007,0.01060,0.06951,0.82608,-0.50788,-0.23990,0.04589,
1524392481928411136,-0.04016,0.00974,0.07137,0.83183,-0.48913,-0.25547,0.05957,
1524392482030003712,-0.04273,0.00780,0.07470,0.83868,-0.47985,-0.25124,0.05697,
1524392482128378368,-0.04559,0.00486,0.07840,0.84092,-0.48927,-0.22656,0.04628,
1524392482228231424,-0.05100,0.00244,0.08491,0.82876,-0.52964,-0.17863,0.02706,
1524392482328225280,-0.05878,-0.00120,0.08820,0.82945,-0.54457,-0.12420,-0.00435,
1524392482428345088,-0.06365,-0.00321,0.08909,0.83640,-0.53741,-0.10621,-0.01870,
1524392482528499968,-0.06265,-0.00326,0.08747,0.83813,-0.53103,-0.12455,-0.00616,
1524392482628188672,-0.06207,-0.00519,0.08849,0.81308,-0.56236,-0.14880,0.02262,
1524392482728484352,-0.06381,-0.01059,0.09247,0.78120,-0.60241,-0.15939,0.03769,
1524392482828466432,-0.06781,-0.01725,0.09261,0.76724,-0.61968,-0.15504,0.05748,
1524392482928401664,-0.06742,-0.01347,0.09310,0.78125,-0.60067,-0.16073,0.05491,
1524392483028686592,-0.06556,-0.00761,0.08802,0.79283,-0.58773,-0.14965,0.05994,
1524392483127998720,-0.06640,-0.00805,0.08502,0.78053,-0.60330,-0.14898,0.06782,
1524392483228301824,-0.06467,-0.00654,0.08321,0.77302,-0.60806,-0.16194,0.08055,
1524392483328058880,-0.06309,-0.00444,0.08424,0.76934,-0.61010,-0.16922,0.08522,
1524392483428015616,-0.06181,-0.00292,0.08454,0.76606,-0.60793,-0.18902,0.08858,
1524392483628368896,-0.06195,-0.00076,0.08495,0.76031,-0.61419,-0.19239,0.08761,
1524392483728347904,-0.06123,0.00208,0.08355,0.76877,-0.60509,-0.18962,0.08307,
1524392483828265984,-0.05849,0.00436,0.08283,0.78360,-0.58160,-0.19556,0.09735,
1524392484028404224,-0.05728,0.00332,0.08598,0.76834,-0.60103,-0.19455,0.10279,
1524392484128173568,-0.05741,0.00402,0.08767,0.75292,-0.61826,-0.20404,0.09613,
1524392484228316160,-0.06206,0.00351,0.08944,0.75263,-0.62390,-0.19217,0.08583,
1524392484328098304,-0.06670,0.00440,0.09192,0.74781,-0.63029,-0.19203,0.08151,
1524392484528745472,-0.07444,0.00422,0.09259,0.75497,-0.62190,-0.19241,0.07902,
1524392484627686656,-0.07289,0.00409,0.09037,0.77570,-0.60042,-0.17943,0.07473,
1524392484727667200,-0.07076,0.00444,0.08905,0.79299,-0.57787,-0.17851,0.07323,
1524392484827982080,-0.06977,0.00404,0.08796,0.79893,-0.57168,-0.17145,0.07412,
1524392484927771648,-0.06791,0.00235,0.08545,0.81015,-0.56018,-0.15953,0.06635,
1524392485032074752,-0.06490,-0.00082,0.08479,0.80512,-0.56564,-0.16498,0.06793,
1524392485127548928,-0.06089,-0.00195,0.08623,0.79746,-0.57834,-0.15981,0.06358,
1524392485227881728,-0.05742,-0.00503,0.08728,0.79272,-0.59451,-0.12537,0.04938,
1524392485530214912,-0.04374,-0.00819,0.08310,0.79074,-0.60555,-0.08101,0.03845,
1524392485627812608,-0.04325,-0.00791,0.08103,0.78867,-0.60725,-0.09161,0.02924,
1524392485727438848,-0.04172,-0.00649,0.08095,0.77875,-0.62017,-0.08976,0.02972,
1524392485827398656,-0.04292,-0.00427,0.08090,0.77422,-0.62770,-0.07288,0.03562,
1524392485927707136,-0.04798,-0.00101,0.08055,0.76838,-0.63692,-0.05352,0.03258,
1524392486028149504,-0.05396,0.00343,0.07999,0.76719,-0.63674,-0.07308,0.02542,
1524392486127589376,-0.05912,0.00711,0.08004,0.77480,-0.62085,-0.11337,0.03709,
1524392486227412224,-0.06941,0.01206,0.08372,0.77302,-0.61573,-0.14638,0.04349,
1524392486328195840,-0.06425,0.01590,0.08168,0.77288,-0.61297,-0.14559,0.07565,
1524392486427235328,-0.06420,0.01821,0.08059,0.77426,-0.60653,-0.14875,0.10257,
1524392486527988224,-0.06721,0.01752,0.08361,0.77095,-0.60615,-0.16130,0.11045,
1524392486628095232,-0.06933,0.01414,0.08404,0.76898,-0.61108,-0.14179,0.12307,
1524392486728542208,-0.07253,0.01115,0.08340,0.76445,-0.62096,-0.12754,0.11728,
1524392486827581952,-0.07380,0.00932,0.08305,0.77341,-0.61569,-0.10209,0.11113,
1524392487027455232,-0.07189,0.00805,0.08154,0.77688,-0.61009,-0.09631,0.12239,
1524392487127477760,-0.07206,0.00604,0.08020,0.78120,-0.59798,-0.12549,0.12808,
1524392487227382784,-0.07150,0.00801,0.08289,0.75892,-0.62206,-0.13994,0.13224,
1524392487327127040,-0.07288,0.01104,0.08672,0.74857,-0.63584,-0.13729,0.12843,
1524392487427174656,-0.07405,0.01144,0.08799,0.74862,-0.63260,-0.14371,0.13689,
1524392487528343296,-0.07572,0.01093,0.08860,0.75080,-0.62875,-0.14460,0.14162,
1524392487627306496,-0.07528,0.01076,0.08752,0.75931,-0.62111,-0.13286,0.14150,
1524392487827507456,-0.07259,0.00751,0.08287,0.79401,-0.57551,-0.13657,0.14032,
1524392487927223808,-0.07081,0.00595,0.07979,0.80486,-0.56053,-0.13808,0.13761,
1524392488027634944,-0.07078,0.00320,0.07742,0.81472,-0.54631,-0.13788,0.13700,
1524392488127304960,-0.07107,0.00146,0.07702,0.81952,-0.53986,-0.13065,0.14096,
1524392488327435264,-0.06947,-0.00057,0.07597,0.81859,-0.54309,-0.12209,0.14161,
1524392488727254272,-0.06679,-0.00576,0.07770,0.82320,-0.53809,-0.11129,0.14289,
1524392488826847744,-0.06677,-0.00592,0.07803,0.82225,-0.54068,-0.10661,0.14216,
1524392489127099392,-0.06373,-0.01004,0.08041,0.81148,-0.55788,-0.10290,0.14030,
1524392489226916864,-0.05949,-0.00912,0.08202,0.79998,-0.57953,-0.08448,0.13055,
1524392489326877952,-0.05607,-0.00557,0.08391,0.78514,-0.60726,-0.05594,0.10802,
1524392489426622208,-0.05676,-0.00365,0.08652,0.77216,-0.62786,-0.04374,0.08745,
1524392489527213056,-0.06300,0.00096,0.08904,0.75510,-0.65220,-0.03565,0.05650,
1524392489626561280,-0.06940,0.00374,0.09067,0.73966,-0.67155,-0.02986,0.03222,
1524392489726484992,-0.07463,0.00388,0.09091,0.73230,-0.68046,-0.02401,0.01170,
1524392489828324096,-0.07405,-0.00130,0.09113,0.72873,-0.68455,-0.01589,0.00959,
1524392489926435584,-0.07494,-0.00626,0.09071,0.72419,-0.68941,-0.00929,0.01282,
1524392490028149760,-0.07566,-0.01017,0.08917,0.71882,-0.69503,-0.01047,0.01130,
1524392490126430976,-0.07860,-0.01402,0.08687,0.70969,-0.70448,0.00422,0.00462,
1524392490226602496,-0.08257,-0.02084,0.07992,0.71513,-0.69897,-0.00135,-0.00483,
1524392490326598912,-0.08772,-0.02886,0.07284,0.72587,-0.68769,-0.00653,-0.01256,
1524392490426439168,-0.08917,-0.02966,0.07448,0.72469,-0.68828,-0.02017,-0.02616,
1524392490526839296,-0.08634,-0.03251,0.07409,0.72982,-0.68296,-0.02130,-0.02174,
1524392490726262016,-0.09005,-0.03036,0.07240,0.72786,-0.68505,-0.01765,-0.02460,
1524392490926549760,-0.08904,-0.02839,0.07405,0.72026,-0.69330,-0.01163,-0.02058,
1524392491226151424,-0.08700,-0.02754,0.07451,0.71651,-0.69750,-0.00373,-0.00931,
1524392491326178816,-0.08661,-0.02755,0.07454,0.71701,-0.69703,-0.00448,-0.00544,
1524392492126048512,-0.08630,-0.02790,0.07455,0.71524,-0.69887,0.00044,-0.00406,
1524392492325943040,-0.08665,-0.02695,0.07476,0.71174,-0.70242,0.00396,-0.00403,
1524392492626086912,-0.08712,-0.02639,0.07516,0.70807,-0.70610,0.00727,-0.00281,
1524392493027568640,-0.08512,-0.02647,0.07488,0.70874,-0.70539,0.00865,0.00528,
1524392493226143488,-0.08470,-0.02726,0.07461,0.71135,-0.70277,0.00718,0.00745,
1524392493825720320,-0.08247,-0.02624,0.07531,0.70713,-0.70693,0.00839,0.01229,
1524392494125574144,-0.08261,-0.02559,0.07508,0.70337,-0.71057,0.01287,0.01427,
1524392494626062080,-0.06323,-0.02330,0.07144,0.71183,-0.70222,0.00706,0.01149,
1524392494725391360,-0.04552,-0.01960,0.06873,0.71069,-0.70287,0.01593,0.02525,
1524392494825317888,-0.03047,-0.01560,0.06364,0.71636,-0.69706,0.01693,0.02555,
1524392494926166016,-0.02037,-0.01267,0.05948,0.72288,-0.69045,0.01420,0.02288,
1524392495027631872,-0.01399,-0.01216,0.05831,0.72408,-0.68943,0.01938,0.00318,
1524392495127332096,-0.01125,-0.01078,0.05718,0.71650,-0.69460,0.03744,-0.05249,
1524392495227087360,-0.01275,-0.01090,0.05682,0.71743,-0.69007,0.04117,-0.08605,
1524392495326353408,-0.01514,-0.00980,0.05615,0.71655,-0.69213,0.03734,-0.07820,
1524392495425932288,-0.01423,-0.00883,0.05713,0.71110,-0.69850,0.04750,-0.06473,
1524392495526268928,-0.01492,-0.00944,0.05656,0.71176,-0.69825,0.03972,-0.06536,
1524392495626956800,-0.01497,-0.00931,0.05686,0.70871,-0.70186,0.03536,-0.06221,
1524392496725165056,-0.01599,-0.00855,0.05704,0.70385,-0.70707,0.02646,-0.06282,
1524392497525316608,-0.01651,-0.00907,0.05644,0.70447,-0.70676,0.02178,-0.06115,
1524392498224611328,-0.02566,-0.00841,0.05717,0.70916,-0.70211,0.01957,-0.06123,
1524392498724664576,-0.06549,-0.00497,0.05742,0.70951,-0.70218,0.01565,-0.05746,
1524392498924514560,-0.08730,-0.00414,0.05812,0.70756,-0.70404,0.02047,-0.05719,
1524392499026758144,-0.10232,-0.00316,0.05799,0.70618,-0.70479,0.02731,-0.06192,
1524392499124434944,-0.11654,-0.00139,0.05865,0.70297,-0.70805,0.03619,-0.05649,
1524392499224552448,-0.13185,-0.00004,0.05870,0.70283,-0.70794,0.03578,-0.05981,
1524392499325146112,-0.14586,0.00153,0.05977,0.70084,-0.70957,0.03197,-0.06566,
1524392499424984576,-0.15556,0.00141,0.05865,0.70762,-0.70212,0.02496,-0.07533,
1524392499525258496,-0.16557,0.00313,0.05886,0.70677,-0.70249,0.03042,-0.07781,
1524392499626877440,-0.17439,0.00403,0.05890,0.70422,-0.70408,0.03822,-0.08291,
1524392499826009088,-0.18281,0.00516,0.05982,0.70125,-0.70675,0.04516,-0.08188,
1524392499924845568,-0.18628,0.00614,0.05937,0.70069,-0.70680,0.04279,-0.08740,
1524392500024915200,-0.18475,0.00521,0.06085,0.70111,-0.70665,0.03875,-0.08708,
1524392500125465856,-0.18000,0.00499,0.06301,0.69861,-0.70909,0.02922,-0.09097,
1524392500224667136,-0.16898,0.00445,0.06485,0.69784,-0.71047,0.01664,-0.08935,
1524392500324889088,-0.15306,0.00537,0.06812,0.69507,-0.71420,0.00574,-0.08224,
1524392500525733120,-0.11768,0.00694,0.07034,0.69272,-0.71797,-0.01242,-0.06708,
1524392500624675328,-0.10454,0.00560,0.06717,0.69575,-0.71521,-0.01667,-0.06428,
1524392500724719360,-0.08883,0.00478,0.06437,0.69631,-0.71494,-0.02023,-0.06004,
1524392500826312192,-0.07383,0.00374,0.06306,0.69397,-0.71754,-0.02047,-0.05589,
1524392501027740672,-0.03879,0.00441,0.05918,0.69496,-0.71694,-0.02483,-0.04903,
1524392501225832192,-0.00805,0.00771,0.05614,0.69418,-0.71782,-0.03667,-0.03874,
1524392501324674304,0.00573,0.00951,0.05429,0.69120,-0.72074,-0.03820,-0.03643,
1524392501525627648,0.02316,0.01022,0.05262,0.68304,-0.72916,-0.02327,-0.03516,
1524392501624665856,0.02757,0.00798,0.05002,0.68527,-0.72698,-0.01681,-0.04014,
1524392501824136704,0.01998,0.00909,0.04802,0.68698,-0.72458,-0.01282,-0.05352,
1524392501924426240,0.01252,0.01067,0.04643,0.68897,-0.72245,-0.00919,-0.05738,
1524392502027324928,0.00044,0.01255,0.04657,0.68835,-0.72298,-0.00692,-0.05854,
1524392502224293376,-0.03004,0.01607,0.04420,0.68745,-0.72324,-0.00047,-0.06585,
1524392502325696256,-0.05077,0.01616,0.04465,0.68542,-0.72399,0.00659,-0.07740,
1524392502424202752,-0.07076,0.01588,0.04572,0.68301,-0.72599,0.01067,-0.07945,
1524392502525979392,-0.09108,0.01673,0.04702,0.68035,-0.72735,0.01922,-0.08779,
1524392502725328128,-0.12864,0.01924,0.04840,0.67966,-0.72715,0.03812,-0.08872,
1524392502824070912,-0.14385,0.01885,0.04744,0.69160,-0.71390,0.03557,-0.10378,
1524392502924518144,-0.15593,0.01955,0.04810,0.68995,-0.71481,0.04790,-0.10353,
1524392503024518912,-0.16832,0.01998,0.04844,0.68873,-0.71444,0.05460,-0.11069,
1524392503123908096,-0.18348,0.02038,0.04787,0.69202,-0.70936,0.05527,-0.12195,
1524392503324025088,-0.20716,0.02194,0.04854,0.68639,-0.71335,0.06558,-0.12529,
1524392503424953600,-0.21875,0.02396,0.04870,0.67931,-0.71910,0.07253,-0.12719,
1524392503526962176,-0.23167,0.02543,0.04846,0.67739,-0.71956,0.07280,-0.13440,
1524392503724042752,-0.25025,0.02821,0.04761,0.67305,-0.72480,0.07316,-0.12773,
1524392503824003584,-0.25544,0.02863,0.04748,0.67527,-0.72200,0.07096,-0.13296,
1524392504029941760,-0.26430,0.02838,0.04762,0.67693,-0.71950,0.06732,-0.13982,
1524392504223414784,-0.26253,0.02875,0.04706,0.67933,-0.71602,0.06571,-0.14666,
1524392504423673856,-0.25039,0.02705,0.04687,0.68207,-0.71322,0.05994,-0.15000,
1524392504523991552,-0.24062,0.02606,0.04678,0.68553,-0.71037,0.05398,-0.15001,
1524392504623337472,-0.22808,0.02487,0.04691,0.68825,-0.70785,0.05161,-0.15032,
1524392504723724032,-0.21509,0.02315,0.04662,0.69256,-0.70452,0.04515,-0.14825,
1524392504826048768,-0.20546,0.02195,0.04676,0.69608,-0.70113,0.03789,-0.14986,
1524392504923712768,-0.19674,0.02049,0.04641,0.69964,-0.69855,0.02849,-0.14737,
1524392505024619776,-0.18614,0.01915,0.04614,0.70300,-0.69687,0.02100,-0.14041,
1524392505127775744,-0.17511,0.01777,0.04589,0.70641,-0.69459,0.01436,-0.13535,
1524392505223936512,-0.16555,0.01686,0.04636,0.70684,-0.69507,0.01735,-0.13021,
1524392505423643136,-0.14634,0.01507,0.04669,0.70751,-0.69604,0.01489,-0.12135,
1524392505524928768,-0.13564,0.01481,0.04677,0.70763,-0.69638,0.01142,-0.11911,
1524392505623680000,-0.12499,0.01395,0.04671,0.70741,-0.69696,0.00871,-0.11718,
1524392505823932160,-0.10635,0.01307,0.04688,0.70265,-0.70180,0.00513,-0.11720,
1524392505923541248,-0.09783,0.01188,0.04710,0.70242,-0.70191,0.00245,-0.11795,
1524392506025538304,-0.08788,0.01129,0.04676,0.70309,-0.70152,-0.00284,-0.11632,
1524392506223768320,-0.06692,0.00878,0.04520,0.70830,-0.69544,-0.01482,-0.12023,
1524392506325483264,-0.05290,0.00722,0.04495,0.71202,-0.69214,-0.02211,-0.11609,
1524392506423354112,-0.04170,0.00636,0.04493,0.71260,-0.69179,-0.02756,-0.11343,
1524392506623545600,-0.01990,0.00594,0.04533,0.71109,-0.69431,-0.03362,-0.10560,
1524392506723382272,-0.01286,0.00426,0.04607,0.71273,-0.69258,-0.03524,-0.10538,
1524392506823348992,-0.00538,0.00428,0.04555,0.71653,-0.68842,-0.04079,-0.10487,
1524392506924793344,0.00047,0.00456,0.04540,0.71857,-0.68652,-0.04319,-0.10239,
1524392507024782848,0.00592,0.00389,0.04566,0.71894,-0.68671,-0.04329,-0.09840,
1524392507222776064,0.01509,0.00234,0.04488,0.72922,-0.67544,-0.05261,-0.09617,
1524392507524988928,0.02297,0.00266,0.04416,0.72833,-0.67977,-0.04067,-0.07616,
1524392507623298560,0.02352,0.00304,0.04394,0.72863,-0.68027,-0.04198,-0.06758,
1524392507822944512,0.01233,0.00360,0.04534,0.73105,-0.67613,-0.04244,-0.08128,
1524392507922996224,0.00372,0.00418,0.04548,0.72677,-0.68137,-0.03466,-0.07963,
1524392508022917120,-0.00458,0.00589,0.04508,0.72480,-0.68439,-0.02752,-0.07428,
1524392508123045376,-0.01636,0.00698,0.04471,0.72454,-0.68462,-0.02475,-0.07561,
1524392508223128576,-0.02882,0.00716,0.04580,0.72186,-0.68760,-0.02203,-0.07510,
1524392508526402560,-0.06194,0.00812,0.04623,0.72704,-0.68204,-0.02502,-0.07487,
1524392508722991104,-0.08574,0.00915,0.04720,0.72500,-0.68508,-0.02331,-0.06699,
1524392508922612736,-0.11027,0.00999,0.04647,0.72838,-0.68146,-0.02833,-0.06543,
1524392509122662656,-0.13729,0.01076,0.04642,0.72811,-0.68146,-0.03016,-0.06745,
1524392509222844928,-0.14853,0.01121,0.04612,0.72854,-0.68076,-0.03153,-0.06923,
1524392509322747136,-0.15864,0.01248,0.04611,0.72589,-0.68402,-0.02810,-0.06646,
1524392509422794240,-0.16964,0.01283,0.04515,0.72433,-0.68525,-0.03077,-0.06949,
1524392509622665216,-0.19061,0.01462,0.04514,0.72068,-0.68962,-0.02700,-0.06574,
1524392509722740992,-0.20419,0.01600,0.04546,0.71979,-0.69010,-0.02250,-0.07181,
1524392509822751488,-0.21587,0.01734,0.04602,0.71663,-0.69320,-0.01545,-0.07539,
1524392509922773760,-0.22659,0.01902,0.04591,0.71436,-0.69614,-0.00846,-0.07080,
1524392510023165952,-0.23701,0.02053,0.04622,0.70987,-0.70103,-0.00411,-0.06801,
1524392510123302400,-0.24642,0.02146,0.04597,0.70872,-0.70164,-0.00364,-0.07351,
1524392510222793216,-0.25416,0.02198,0.04592,0.70623,-0.70311,-0.00143,-0.08284,
1524392510322445568,-0.25797,0.02274,0.04598,0.70337,-0.70566,0.00637,-0.08531,
1524392510622264320,-0.26372,0.02413,0.04536,0.70292,-0.70626,0.00909,-0.08382,
1524392510922324480,-0.25798,0.02394,0.04576,0.69975,-0.70841,0.00898,-0.09182,
1524392511022729984,-0.24913,0.02261,0.04722,0.69831,-0.71003,0.00911,-0.09018,
1524392511122268160,-0.23912,0.02052,0.04805,0.69858,-0.70912,0.01039,-0.09505,
1524392511222016768,-0.22757,0.01889,0.04835,0.70214,-0.70583,0.00389,-0.09370,
1524392511322236928,-0.21587,0.01836,0.04851,0.70327,-0.70551,-0.00133,-0.08760,
1524392511422819072,-0.20321,0.01748,0.04916,0.70309,-0.70611,-0.00358,-0.08406,
1524392511533120512,-0.18907,0.01527,0.05013,0.70482,-0.70468,-0.00814,-0.08121,
1524392511622264320,-0.17585,0.01419,0.04982,0.70849,-0.70143,-0.01451,-0.07634,
1524392511822163456,-0.15392,0.01138,0.04975,0.71429,-0.69463,-0.02566,-0.08138,
1524392511922297088,-0.14363,0.00942,0.05003,0.71340,-0.69581,-0.02664,-0.07877,
1524392512121801472,-0.11945,0.00640,0.04992,0.71542,-0.69316,-0.03195,-0.08178,
1524392512222184960,-0.10732,0.00532,0.04960,0.71638,-0.69197,-0.03443,-0.08240,
1524392512322001920,-0.09659,0.00453,0.04991,0.71565,-0.69303,-0.03425,-0.07990,
1524392512528531200,-0.07652,0.00384,0.05029,0.71304,-0.69608,-0.03727,-0.07521,
1524392512721987328,-0.05637,0.00284,0.04975,0.71123,-0.69808,-0.03727,-0.07375,
1524392512922020096,-0.03910,0.00156,0.04959,0.71182,-0.69728,-0.03916,-0.07470,
1524392513221408000,-0.02011,0.00035,0.04969,0.71282,-0.69567,-0.04102,-0.07905,
1524392513321599232,-0.01387,0.00063,0.05020,0.71437,-0.69405,-0.04287,-0.07830,
1524392513621601792,0.00268,-0.00024,0.05053,0.71643,-0.69278,-0.03932,-0.07235,
1524392513721346560,0.00705,-0.00058,0.05060,0.71876,-0.69010,-0.04236,-0.07312,
1524392513821219072,0.01056,0.00001,0.05082,0.72059,-0.68819,-0.04553,-0.07116,
1524392514023924224,0.01687,-0.00050,0.05080,0.72489,-0.68385,-0.04604,-0.06895,
1524392514121380608,0.02199,-0.00036,0.05091,0.72543,-0.68369,-0.04643,-0.06452,
1524392514321721088,0.02426,-0.00105,0.05165,0.72823,-0.68054,-0.05133,-0.06257,
1524392514522525696,0.03266,-0.00143,0.04943,0.73107,-0.67830,-0.04961,-0.05460,
1524392514821507840,0.02439,-0.00087,0.04825,0.73365,-0.67571,-0.04263,-0.05802,
1524392515122224128,0.00651,0.00191,0.04894,0.73561,-0.67343,-0.03967,-0.06164,
1524392515221017088,-0.00342,0.00037,0.04961,0.73152,-0.67868,-0.02899,-0.05864,
1524392515320975872,-0.01384,0.00204,0.04948,0.73244,-0.67791,-0.02299,-0.05872,
1524392515420885760,-0.02519,0.00317,0.04859,0.73615,-0.67345,-0.02257,-0.06350,
1524392515525056000,-0.03514,0.00437,0.04845,0.73606,-0.67353,-0.01958,-0.06465,
1524392515721102336,-0.05699,0.00616,0.04895,0.73439,-0.67533,-0.01452,-0.06630,
1524392515821176576,-0.06815,0.00759,0.04908,0.73365,-0.67573,-0.01223,-0.07069,
1524392515921250304,-0.07836,0.00852,0.04891,0.73378,-0.67562,-0.00981,-0.07077,
1524392516121220864,-0.09975,0.01021,0.04870,0.73498,-0.67411,-0.00593,-0.07315,
1524392516220821760,-0.11171,0.01152,0.04902,0.73285,-0.67664,-0.00009,-0.07134,
1524392516321023232,-0.12459,0.01220,0.04890,0.73325,-0.67596,0.00105,-0.07363,
1524392516421294080,-0.13600,0.01260,0.04874,0.73288,-0.67640,0.00152,-0.07327,
1524392516621103616,-0.15880,0.01498,0.04887,0.73037,-0.67899,0.00517,-0.07423,
1524392516821003008,-0.18057,0.01623,0.04835,0.73292,-0.67575,0.00183,-0.07874,
1524392516920627968,-0.19100,0.01670,0.04798,0.73302,-0.67508,-0.00043,-0.08341,
1524392517023789824,-0.20018,0.01711,0.04795,0.73146,-0.67699,0.00137,-0.08156,
1524392517121025792,-0.21059,0.01792,0.04780,0.72953,-0.67878,0.00145,-0.08394,
1524392517221112320,-0.22014,0.01889,0.04802,0.72723,-0.68103,0.00047,-0.08564,
1524392517321623040,-0.22814,0.01944,0.04813,0.72481,-0.68428,0.00430,-0.07992,
1524392517420582912,-0.23568,0.02027,0.04804,0.72325,-0.68605,0.00970,-0.07845,
1524392517522271488,-0.24311,0.02087,0.04822,0.72030,-0.68863,0.02074,-0.08083,
1524392517720935168,-0.25616,0.02290,0.04797,0.71781,-0.69062,0.03552,-0.08084,
1524392517920990208,-0.26379,0.02356,0.04812,0.71542,-0.69279,0.04194,-0.08036,
1524392518220993024,-0.25370,0.02307,0.04737,0.71851,-0.68945,0.02733,-0.08750,
1524392518320532992,-0.24330,0.02222,0.04701,0.72068,-0.68676,0.01999,-0.09261,
1524392518420201984,-0.23027,0.01991,0.04694,0.72626,-0.68005,0.00652,-0.10017,
1524392518520997376,-0.21772,0.01769,0.04738,0.72792,-0.67848,-0.00043,-0.09894,
1524392518620506624,-0.20681,0.01639,0.04745,0.72747,-0.67880,-0.00385,-0.09997,
1524392518720669952,-0.19666,0.01546,0.04739,0.72746,-0.67878,-0.00833,-0.09999,
1524392518922212352,-0.17855,0.01527,0.04709,0.72250,-0.68312,-0.00393,-0.10644,
1524392519022553600,-0.16894,0.01452,0.04683,0.72264,-0.68266,-0.00666,-0.10830,
1524392519220381952,-0.14761,0.01358,0.04695,0.72031,-0.68474,-0.00466,-0.11079,
1524392519320447744,-0.13718,0.01248,0.04653,0.72124,-0.68365,-0.00860,-0.11124,
1524392519420019712,-0.12722,0.01083,0.04646,0.72332,-0.68107,-0.01355,-0.11301,
1524392519520756480,-0.11625,0.00976,0.04607,0.72494,-0.67870,-0.01781,-0.11622,
1524392519624050688,-0.10503,0.00851,0.04607,0.72687,-0.67689,-0.02258,-0.11388,
1524392519721669632,-0.09313,0.00765,0.04599,0.72829,-0.67609,-0.02656,-0.10857,
1524392519920341760,-0.06564,0.00555,0.04587,0.73125,-0.67389,-0.03931,-0.09797,
1524392520020781056,-0.05150,0.00471,0.04614,0.72924,-0.67713,-0.04175,-0.08919,
1524392520121903104,-0.03811,0.00381,0.04618,0.72691,-0.68002,-0.04526,-0.08445,
1524392520320548352,-0.01594,0.00340,0.04658,0.72241,-0.68601,-0.04290,-0.07527,
1524392520522344704,-0.00324,0.00230,0.04620,0.72573,-0.68164,-0.04745,-0.08018,
1524392520623269376,0.00510,0.00124,0.04620,0.72837,-0.67869,-0.05246,-0.07813,
1524392520720206080,0.01178,0.00175,0.04654,0.73148,-0.67569,-0.05592,-0.07247,
1524392520820038400,0.01663,0.00145,0.04572,0.73375,-0.67391,-0.05431,-0.06718,
1524392520919773440,0.02305,0.00140,0.04443,0.73716,-0.67206,-0.04696,-0.05219,
1524392521120041728,0.01931,0.00467,0.04481,0.73747,-0.67170,-0.05333,-0.04590,
1524392521220279808,0.00979,0.00478,0.04430,0.73913,-0.66905,-0.05176,-0.05814,
1524392521320243712,-0.00280,0.00429,0.04476,0.73764,-0.67012,-0.04994,-0.06591,
1524392521419949056,-0.01347,0.00480,0.04535,0.73406,-0.67446,-0.04482,-0.06525,
1524392521620107776,-0.03826,0.00611,0.04522,0.73180,-0.67657,-0.04323,-0.06971,
1524392521819888384,-0.06443,0.00987,0.04559,0.72621,-0.68300,-0.03257,-0.07119,
1524392521919856896,-0.07672,0.01030,0.04519,0.72587,-0.68333,-0.02821,-0.07331,
1524392522122952704,-0.09379,0.01146,0.04498,0.72814,-0.68110,-0.01903,-0.07453,
1524392522219974400,-0.10246,0.01184,0.04498,0.72881,-0.68038,-0.01716,-0.07502,
1524392522419268864,-0.12062,0.01388,0.04514,0.72850,-0.68014,-0.01135,-0.08105,
1524392522520684288,-0.12814,0.01420,0.04532,0.72723,-0.68117,-0.00984,-0.08390,
1524392522620308736,-0.13517,0.01483,0.04540,0.72329,-0.68592,-0.00435,-0.07960,
1524392522820028416,-0.14957,0.01490,0.04546,0.72241,-0.68692,-0.00025,-0.07919,
1524392523020095488,-0.16591,0.01505,0.04659,0.72178,-0.68792,0.00775,-0.07581,
1524392523219540992,-0.18211,0.01609,0.04641,0.71660,-0.69358,0.01127,-0.07293,
1524392523319504384,-0.19135,0.01636,0.04639,0.71713,-0.69307,0.01149,-0.07249,
1524392523419146752,-0.20030,0.01698,0.04590,0.72065,-0.68899,0.00831,-0.07676,
1524392523519384064,-0.20956,0.01753,0.04585,0.72368,-0.68503,0.01093,-0.08309,
1524392523619576832,-0.21700,0.01812,0.04562,0.72405,-0.68350,0.00843,-0.09222,
1524392523723015680,-0.22087,0.01804,0.04597,0.72323,-0.68428,0.01564,-0.09197,
1524392523820740608,-0.22349,0.01856,0.04569,0.72293,-0.68425,0.01899,-0.09384,
1524392524219986688,-0.22449,0.02006,0.04569,0.71967,-0.68704,0.02859,-0.09609,
1524392524421750016,-0.22550,0.01872,0.04615,0.72558,-0.68139,0.01519,-0.09491,
1524392524519895296,-0.22605,0.01853,0.05226,0.72756,-0.68009,-0.00304,-0.09012,
1524392524619311616,-0.22470,0.01686,0.07043,0.72168,-0.68610,-0.02638,-0.08797,
1524392524719411968,-0.21900,0.00794,0.09588,0.71579,-0.69104,-0.06551,-0.07627,
1524392524819237120,-0.21151,-0.00881,0.12646,0.71241,-0.68850,-0.11321,-0.07495,
1524392524919228672,-0.20031,-0.03019,0.16186,0.70323,-0.69226,-0.14353,-0.07515,
1524392525119196672,-0.17290,-0.10007,0.21577,0.69713,-0.65788,-0.26900,-0.09406,
1524392525219247104,-0.15983,-0.14531,0.21208,0.71526,-0.59521,-0.34893,-0.11123,
1524392525319080448,-0.15919,-0.18513,0.18844,0.73947,-0.53966,-0.37883,-0.13584,
1524392525419332864,-0.16872,-0.21244,0.15183,0.76806,-0.52282,-0.33947,-0.14661,
1524392525619084288,-0.18137,-0.24010,0.08147,0.81774,-0.49766,-0.27759,-0.08116,
1524392525719657216,-0.18750,-0.24253,0.05941,0.83134,-0.48837,-0.25077,-0.08647,
1524392525819162112,-0.18900,-0.24090,0.04765,0.83540,-0.48691,-0.24197,-0.08050,
1524392525918889216,-0.19081,-0.23786,0.03966,0.84219,-0.47821,-0.23823,-0.07260,
1524392526020231680,-0.19118,-0.23265,0.03140,0.84308,-0.47741,-0.23309,-0.08345,
1524392526118958592,-0.18751,-0.22863,0.02705,0.84284,-0.48673,-0.21713,-0.07463,
1524392526218546176,-0.18403,-0.22672,0.02549,0.84105,-0.50281,-0.19113,-0.05731,
1524392526319007488,-0.18402,-0.22648,0.02565,0.84016,-0.50238,-0.20283,-0.02468,
1524392526418739712,-0.18410,-0.22470,0.02582,0.83508,-0.50420,-0.22002,-0.00423,
1524392526518975488,-0.18340,-0.22346,0.02602,0.83098,-0.50931,-0.22364,0.00797,
1524392526619045120,-0.18425,-0.22208,0.02576,0.82525,-0.51258,-0.23630,0.01955,
1524392526718502144,-0.18387,-0.22064,0.02548,0.81718,-0.51724,-0.25185,0.03548,
1524392526818740736,-0.18294,-0.22048,0.02560,0.81036,-0.51641,-0.27293,0.04627,
1524392526918785024,-0.18380,-0.21963,0.02546,0.80018,-0.52259,-0.28963,0.05224,
1524392527118935296,-0.18470,-0.21678,0.02490,0.78602,-0.52471,-0.31272,0.09519,
1524392527218920960,-0.18483,-0.21537,0.02445,0.77463,-0.54170,-0.31135,0.09786,
